"from","to","trial","spatial_weight","prospect_weight"
"Y01","Y02",1,0.95554809662824,1
"Y01","Y03",1,0.871631828463473,0
"Y01","Y04",1,0.853300273467058,0
"Y01","Y05",1,0.828713578101158,0
"Y01","Y06",1,0.817929852857505,0
"Y01","Y07",1,0.796554803184222,0
"Y01","Y08",1,0.771469808981751,0
"Y01","Y09",1,0.735390633503133,0
"Y01","Y10",1,0.735738499645472,0
"Y01","Y11",1,0.866474956618597,1
"Y01","Y12",1,0.701430679756547,0
"Y01","Y14",1,0.412897759915611,0
"Y01","Y16",1,0.526348725713639,0
"Y01","Y17",1,0.516061962155937,0
"Y01","Y18",1,0.476914184094634,0
"Y01","Y19",1,0.748871031280391,0
"Y01","Y21",1,0.716145799401628,0
"Y01","Y22",1,0.710758657837945,0
"Y01","Y23",1,0.51088944373504,0
"Y01","Y26",1,0.372026990875771,0
"Y01","Y27",1,0.297909270885379,0
"Y01","Y28",1,0.271583233473629,0
"Y01","Y29",1,0.239879052247539,0
"Y01","Y30",1,0.236472510099393,0
"Y01","Y31",1,0.155869074024267,0
"Y01","Y33",1,0.264328220509941,0
"Y01","Y35",1,0.442206537696884,0
"Y02","Y01",1,0.95554809662824,0
"Y02","Y03",1,0.924291301689549,0
"Y02","Y04",1,0.904586179180485,0
"Y02","Y05",1,0.878227001527964,0
"Y02","Y06",1,0.865875567254996,0
"Y02","Y07",1,0.842303347489184,0
"Y02","Y08",1,0.814334921122435,0
"Y02","Y09",1,0.777636385704684,0
"Y02","Y10",1,0.779063865165345,0
"Y02","Y11",1,0.913634145416917,0
"Y02","Y12",1,0.7473487099644,0
"Y02","Y14",1,0.458037767963032,0
"Y02","Y16",1,0.567105839806364,0
"Y02","Y17",1,0.55591382685877,0
"Y02","Y18",1,0.51484910275153,0
"Y02","Y19",1,0.781947365551239,0
"Y02","Y21",1,0.739314272722541,0
"Y02","Y22",1,0.728798303808355,0
"Y02","Y23",1,0.520741945029453,0
"Y02","Y26",1,0.379884300413836,0
"Y02","Y27",1,0.30425584064574,0
"Y02","Y28",1,0.277585680240882,0
"Y02","Y29",1,0.245725606234839,0
"Y02","Y30",1,0.245353614733405,0
"Y02","Y31",1,0.160002082643985,0
"Y02","Y33",1,0.257588975960303,0
"Y02","Y35",1,0.445313108643614,0
"Y03","Y01",1,0.871631828463473,0
"Y03","Y02",1,0.924291301689549,0
"Y03","Y04",1,0.984096664277357,1
"Y03","Y05",1,0.95451441859589,0
"Y03","Y06",1,0.938664989830155,0
"Y03","Y07",1,0.911525728578192,0
"Y03","Y08",1,0.879046073477993,0
"Y03","Y09",1,0.843432162508955,0
"Y03","Y10",1,0.847050795684335,0
"Y03","Y11",1,0.941444137760249,1
"Y03","Y12",1,0.801602868743221,0
"Y03","Y14",1,0.516689537296593,0
"Y03","Y16",1,0.614025849537444,0
"Y03","Y17",1,0.601023884137311,0
"Y03","Y18",1,0.556552244981643,0
"Y03","Y19",1,0.801329052493737,0
"Y03","Y21",1,0.742783977308827,0
"Y03","Y22",1,0.723954925845408,0
"Y03","Y23",1,0.510824237584917,0
"Y03","Y26",1,0.369353078785472,0
"Y03","Y27",1,0.292291682808354,0
"Y03","Y28",1,0.265369579008786,0
"Y03","Y29",1,0.233584209347917,0
"Y03","Y30",1,0.238039226755339,0
"Y03","Y31",1,0.145915786913341,0
"Y03","Y33",1,0.226318300303243,0
"Y03","Y35",1,0.426361563136176,0
"Y04","Y01",1,0.853300273467058,0
"Y04","Y02",1,0.904586179180485,0
"Y04","Y03",1,0.984096664277357,1
"Y04","Y05",1,0.9790651350306,0
"Y04","Y06",1,0.963152287660192,0
"Y04","Y07",1,0.93590962210273,0
"Y04","Y08",1,0.903201319083612,0
"Y04","Y09",1,0.867842324146887,0
"Y04","Y10",1,0.871567786956578,0
"Y04","Y11",1,0.920265502004438,0
"Y04","Y12",1,0.796047292659614,0
"Y04","Y14",1,0.515756154592788,0
"Y04","Y16",1,0.607983016164132,0
"Y04","Y17",1,0.594429034021392,0
"Y04","Y18",1,0.549060881629745,0
"Y04","Y19",1,0.784984379009896,0
"Y04","Y21",1,0.724033579969189,0
"Y04","Y22",1,0.703936328790051,0
"Y04","Y23",1,0.491009366459682,0
"Y04","Y26",1,0.349750700400946,0
"Y04","Y27",1,0.272563147626794,0
"Y04","Y28",1,0.245633820871394,0
"Y04","Y29",1,0.213900708481747,0
"Y04","Y30",1,0.219212622352999,0
"Y04","Y31",1,0.125992301809943,0
"Y04","Y33",1,0.203818522909287,0
"Y04","Y35",1,0.405302349062956,0
"Y05","Y01",1,0.828713578101158,0
"Y05","Y02",1,0.878227001527964,0
"Y05","Y03",1,0.95451441859589,0
"Y05","Y04",1,0.9790651350306,0
"Y05","Y06",1,0.992076246214141,0
"Y05","Y07",1,0.964782340904202,0
"Y05","Y08",1,0.931678321164631,0
"Y05","Y09",1,0.897002792358612,0
"Y05","Y10",1,0.900985799581839,1
"Y05","Y11",1,0.893296042821822,0
"Y05","Y12",1,0.786806935576702,0
"Y05","Y14",1,0.513977330582644,0
"Y05","Y16",1,0.599776461403107,0
"Y05","Y17",1,0.585634673762289,0
"Y05","Y18",1,0.539385960286606,0
"Y05","Y19",1,0.764108824286903,0
"Y05","Y21",1,0.700925281803509,0
"Y05","Y22",1,0.679513089615365,0
"Y05","Y23",1,0.467166668479768,0
"Y05","Y26",1,0.326272804589819,0
"Y05","Y27",1,0.248981795108633,0
"Y05","Y28",1,0.222057566774652,0
"Y05","Y29",1,0.190401689216291,0
"Y05","Y30",1,0.19673070408801,0
"Y05","Y31",1,0.10224192513698,0
"Y05","Y33",1,0.176938229169077,0
"Y05","Y35",1,0.38007365708015,0
"Y06","Y01",1,0.817929852857505,0
"Y06","Y02",1,0.865875567254996,0
"Y06","Y03",1,0.938664989830155,0
"Y06","Y04",1,0.963152287660192,0
"Y06","Y05",1,0.992076246214141,0
"Y06","Y07",1,0.981296542921229,0
"Y06","Y08",1,0.948246285809061,0
"Y06","Y09",1,0.913323904396769,0
"Y06","Y10",1,0.917036451736358,0
"Y06","Y11",1,0.87671898913496,0
"Y06","Y12",1,0.775351680177846,0
"Y06","Y14",1,0.506624836999017,0
"Y06","Y16",1,0.589274131993965,0
"Y06","Y17",1,0.574895388353961,0
"Y06","Y18",1,0.528322608835542,0
"Y06","Y19",1,0.748694897212407,0
"Y06","Y21",1,0.68500210676954,0
"Y06","Y22",1,0.663313721932264,0
"Y06","Y23",1,0.451141479070585,0
"Y06","Y26",1,0.310354617905209,0
"Y06","Y27",1,0.233045532901537,0
"Y06","Y28",1,0.20612489100347,0
"Y06","Y29",1,0.174490988294714,0
"Y06","Y30",1,0.181090389176283,0
"Y06","Y31",1,0.0862744407393173,0
"Y06","Y33",1,0.160398883653581,0
"Y06","Y35",1,0.363764766120345,0
"Y07","Y01",1,0.796554803184222,0
"Y07","Y02",1,0.842303347489184,0
"Y07","Y03",1,0.911525728578192,0
"Y07","Y04",1,0.93590962210273,0
"Y07","Y05",1,0.964782340904202,0
"Y07","Y06",1,0.981296542921229,0
"Y07","Y08",1,0.975476511575266,0
"Y07","Y09",1,0.940560642929272,0
"Y07","Y10",1,0.943877989148541,0
"Y07","Y11",1,0.849532247148185,0
"Y07","Y12",1,0.757299245261638,0
"Y07","Y14",1,0.496274700439744,0
"Y07","Y16",1,0.573459300638003,0
"Y07","Y17",1,0.558710021681055,0
"Y07","Y18",1,0.511668240603899,0
"Y07","Y19",1,0.724108420698531,0
"Y07","Y21",1,0.659508089938841,0
"Y07","Y22",1,0.637249018564626,0
"Y07","Y23",1,0.425519598506544,0
"Y07","Y26",1,0.284989039938615,0
"Y07","Y27",1,0.207651459061399,0
"Y07","Y28",1,0.180741780096602,0
"Y07","Y29",1,0.1491590480722,0
"Y07","Y30",1,0.15632832204527,0
"Y07","Y31",1,0.0608269526112668,0
"Y07","Y33",1,0.13346619494576,0
"Y07","Y35",1,0.337501086557501,0
"Y08","Y01",1,0.771469808981751,0
"Y08","Y02",1,0.814334921122435,0
"Y08","Y03",1,0.879046073477993,0
"Y08","Y04",1,0.903201319083612,0
"Y08","Y05",1,0.931678321164631,0
"Y08","Y06",1,0.948246285809061,0
"Y08","Y07",1,0.975476511575266,0
"Y08","Y09",1,0.971900295669861,0
"Y08","Y10",1,0.972907855489156,0
"Y08","Y11",1,0.81636548952204,0
"Y08","Y12",1,0.730677592764453,0
"Y08","Y14",1,0.478358867884464,0
"Y08","Y16",1,0.549680476622714,0
"Y08","Y17",1,0.534602380790087,0
"Y08","Y18",1,0.487199186261089,0
"Y08","Y19",1,0.69227680712052,0
"Y08","Y21",1,0.627102708502212,0
"Y08","Y22",1,0.604493568455315,1
"Y08","Y23",1,0.393093651516857,0
"Y08","Y26",1,0.252768807784034,0
"Y08","Y27",1,0.175419368775294,0
"Y08","Y28",1,0.148520721195079,0
"Y08","Y29",1,0.116979679667263,0
"Y08","Y30",1,0.12459383737753,0
"Y08","Y31",1,0.0285682419985035,0
"Y08","Y33",1,0.100317989521188,0
"Y08","Y35",1,0.304666180972092,0
"Y09","Y01",1,0.735390633503133,0
"Y09","Y02",1,0.777636385704684,0
"Y09","Y03",1,0.843432162508955,0
"Y09","Y04",1,0.867842324146887,0
"Y09","Y05",1,0.897002792358612,0
"Y09","Y06",1,0.913323904396769,0
"Y09","Y07",1,0.940560642929272,0
"Y09","Y08",1,0.971900295669861,0
"Y09","Y10",1,1,1
"Y09","Y11",1,0.782522683907227,0
"Y09","Y12",1,0.711073755057496,0
"Y09","Y14",1,0.472110742286523,0
"Y09","Y16",1,0.535334487415234,0
"Y09","Y17",1,0.519858454905854,0
"Y09","Y18",1,0.472117790828847,0
"Y09","Y19",1,0.664036099322917,0
"Y09","Y21",1,0.597594499200389,0
"Y09","Y22",1,0.573923112190592,0
"Y09","Y23",1,0.363832070704192,0
"Y09","Y26",1,0.224204340980346,0
"Y09","Y27",1,0.146864412117593,0
"Y09","Y28",1,0.120010198372806,0
"Y09","Y29",1,0.0886010055684926,0
"Y09","Y30",1,0.0973751913419584,0
"Y09","Y31",1,0,0
"Y09","Y33",1,0.0679295835722364,0
"Y09","Y35",1,0.274053121648608,0
"Y10","Y01",1,0.735738499645472,0
"Y10","Y02",1,0.779063865165345,0
"Y10","Y03",1,0.847050795684335,0
"Y10","Y04",1,0.871567786956578,0
"Y10","Y05",1,0.900985799581839,0
"Y10","Y06",1,0.917036451736358,0
"Y10","Y07",1,0.943877989148541,0
"Y10","Y08",1,0.972907855489156,0
"Y10","Y09",1,1,0
"Y10","Y11",1,0.787311815157997,0
"Y10","Y12",1,0.719089737976948,0
"Y10","Y14",1,0.480761338020212,0
"Y10","Y16",1,0.543809299432601,0
"Y10","Y17",1,0.528314371647075,0
"Y10","Y18",1,0.480561198632401,0
"Y10","Y19",1,0.670741536956834,0
"Y10","Y21",1,0.60403460067809,0
"Y10","Y22",1,0.580085116144653,0
"Y10","Y23",1,0.370406602624609,0
"Y10","Y26",1,0.230967591357913,0
"Y10","Y27",1,0.153638822286402,0
"Y10","Y28",1,0.126797534385352,0
"Y10","Y29",1,0.0954212678205545,0
"Y10","Y30",1,0.104441041507297,0
"Y10","Y31",1,0.00678453782186794,0
"Y10","Y33",1,0.0735989707600949,0
"Y10","Y35",1,0.280279969790919,0
"Y11","Y01",1,0.866474956618597,0
"Y11","Y02",1,0.913634145416917,0
"Y11","Y03",1,0.941444137760249,1
"Y11","Y04",1,0.920265502004438,0
"Y11","Y05",1,0.893296042821822,0
"Y11","Y06",1,0.87671898913496,0
"Y11","Y07",1,0.849532247148185,0
"Y11","Y08",1,0.81636548952204,0
"Y11","Y09",1,0.782522683907227,0
"Y11","Y10",1,0.787311815157997,1
"Y11","Y12",1,0.842344280001195,0
"Y11","Y14",1,0.553047130714142,0
"Y11","Y16",1,0.660943195983738,0
"Y11","Y17",1,0.649275876532105,0
"Y11","Y18",1,0.607082188370319,0
"Y11","Y19",1,0.865011018537738,0
"Y11","Y21",1,0.809408308530435,1
"Y11","Y22",1,0.791137235750935,0
"Y11","Y23",1,0.578001241418709,0
"Y11","Y26",1,0.436500729031099,0
"Y11","Y27",1,0.359466545870304,0
"Y11","Y28",1,0.33254652712355,0
"Y11","Y29",1,0.300753794446841,0
"Y11","Y30",1,0.304949500348288,0
"Y11","Y31",1,0.213117283684594,0
"Y11","Y33",1,0.29208628443555,0
"Y11","Y35",1,0.49340669415107,0
"Y12","Y01",1,0.701430679756547,0
"Y12","Y02",1,0.7473487099644,0
"Y12","Y03",1,0.801602868743221,0
"Y12","Y04",1,0.796047292659614,0
"Y12","Y05",1,0.786806935576702,0
"Y12","Y06",1,0.775351680177846,0
"Y12","Y07",1,0.757299245261638,0
"Y12","Y08",1,0.730677592764453,0
"Y12","Y09",1,0.711073755057496,0
"Y12","Y10",1,0.719089737976948,0
"Y12","Y11",1,0.842344280001195,0
"Y12","Y14",1,0.71933887118305,0
"Y12","Y16",1,0.820580949517889,0
"Y12","Y17",1,0.806982517121205,0
"Y12","Y18",1,0.761160672191462,0
"Y12","Y19",1,0.903312069357488,0
"Y12","Y21",1,0.843829048527009,0
"Y12","Y22",1,0.813002141210841,0
"Y12","Y23",1,0.633989675143387,0
"Y12","Y26",1,0.502251818963097,0
"Y12","Y27",1,0.426081397137378,0
"Y12","Y28",1,0.399780121882274,0
"Y12","Y29",1,0.369373605047723,0
"Y12","Y30",1,0.383247919200152,0
"Y12","Y31",1,0.280620932055767,0
"Y12","Y33",1,0.319559314626582,0
"Y12","Y35",1,0.536851065291903,0
"Y14","Y01",1,0.412897759915611,0
"Y14","Y02",1,0.458037767963032,0
"Y14","Y03",1,0.516689537296593,0
"Y14","Y04",1,0.515756154592788,0
"Y14","Y05",1,0.513977330582644,0
"Y14","Y06",1,0.506624836999017,0
"Y14","Y07",1,0.496274700439744,0
"Y14","Y08",1,0.478358867884464,0
"Y14","Y09",1,0.472110742286523,0
"Y14","Y10",1,0.480761338020212,0
"Y14","Y11",1,0.553047130714142,0
"Y14","Y12",1,0.71933887118305,0
"Y14","Y16",1,0.875827339790049,0
"Y14","Y17",1,0.875747680573506,0
"Y14","Y18",1,0.875084255245112,0
"Y14","Y19",1,0.654614917677214,0
"Y14","Y21",1,0.640599189977019,0
"Y14","Y22",1,0.6183394377054,0
"Y14","Y23",1,0.573062868851202,0
"Y14","Y26",1,0.499141497059225,0
"Y14","Y27",1,0.440830578224671,0
"Y14","Y28",1,0.42047434320693,0
"Y14","Y29",1,0.397833428353059,0
"Y14","Y30",1,0.429316188515162,0
"Y14","Y31",1,0.319119073445312,0
"Y14","Y33",1,0.279248832885665,0
"Y14","Y35",1,0.484503800832303,0
"Y16","Y01",1,0.526348725713639,0
"Y16","Y02",1,0.567105839806364,0
"Y16","Y03",1,0.614025849537444,0
"Y16","Y04",1,0.607983016164132,0
"Y16","Y05",1,0.599776461403107,0
"Y16","Y06",1,0.589274131993965,0
"Y16","Y07",1,0.573459300638003,0
"Y16","Y08",1,0.549680476622714,0
"Y16","Y09",1,0.535334487415234,0
"Y16","Y10",1,0.543809299432601,0
"Y16","Y11",1,0.660943195983738,0
"Y16","Y12",1,0.820580949517889,0
"Y16","Y14",1,0.875827339790049,0
"Y16","Y17",1,0.992379749540205,0
"Y16","Y18",1,0.944841677262451,0
"Y16","Y19",1,0.779412861177014,0
"Y16","Y21",1,0.772564531841717,0
"Y16","Y22",1,0.751045584497475,0
"Y16","Y23",1,0.685347592734129,0
"Y16","Y26",1,0.588342882820913,0
"Y16","Y27",1,0.520803034986007,0
"Y16","Y28",1,0.497351804274296,0
"Y16","Y29",1,0.470774865523217,0
"Y16","Y30",1,0.495340246123145,0
"Y16","Y31",1,0.38583331030724,0
"Y16","Y33",1,0.375839554471047,0
"Y16","Y35",1,0.590349431059918,0
"Y17","Y01",1,0.516061962155937,0
"Y17","Y02",1,0.55591382685877,0
"Y17","Y03",1,0.601023884137311,0
"Y17","Y04",1,0.594429034021392,0
"Y17","Y05",1,0.585634673762289,0
"Y17","Y06",1,0.574895388353961,0
"Y17","Y07",1,0.558710021681055,0
"Y17","Y08",1,0.534602380790087,0
"Y17","Y09",1,0.519858454905854,0
"Y17","Y10",1,0.528314371647075,0
"Y17","Y11",1,0.649275876532105,0
"Y17","Y12",1,0.806982517121205,0
"Y17","Y14",1,0.875747680573506,0
"Y17","Y16",1,0.992379749540205,0
"Y17","Y18",1,0.960787093189913,0
"Y17","Y19",1,0.771257225417393,0
"Y17","Y21",1,0.768818540785069,0
"Y17","Y22",1,0.748771681450819,0
"Y17","Y23",1,0.694372888469083,0
"Y17","Y26",1,0.600858292321829,0
"Y17","Y27",1,0.534167485503845,0
"Y17","Y28",1,0.510964887496406,0
"Y17","Y29",1,0.484687084471939,0
"Y17","Y30",1,0.509814551239996,0
"Y17","Y31",1,0.400124221143435,0
"Y17","Y33",1,0.387055825453613,0
"Y17","Y35",1,0.600424809112066,0
"Y18","Y01",1,0.476914184094634,0
"Y18","Y02",1,0.51484910275153,0
"Y18","Y03",1,0.556552244981643,0
"Y18","Y04",1,0.549060881629745,0
"Y18","Y05",1,0.539385960286606,0
"Y18","Y06",1,0.528322608835542,0
"Y18","Y07",1,0.511668240603899,0
"Y18","Y08",1,0.487199186261089,0
"Y18","Y09",1,0.472117790828847,0
"Y18","Y10",1,0.480561198632401,0
"Y18","Y11",1,0.607082188370319,0
"Y18","Y12",1,0.761160672191462,0
"Y18","Y14",1,0.875084255245112,0
"Y18","Y16",1,0.944841677262451,0
"Y18","Y17",1,0.960787093189913,1
"Y18","Y19",1,0.735231330028481,0
"Y18","Y21",1,0.742588754228602,0
"Y18","Y22",1,0.726485418629547,0
"Y18","Y23",1,0.706627310927051,0
"Y18","Y26",1,0.627155539644587,0
"Y18","Y27",1,0.564294780600571,0
"Y18","Y28",1,0.542229400988398,0
"Y18","Y29",1,0.517319985552358,0
"Y18","Y30",1,0.544883534827542,0
"Y18","Y31",1,0.43461921979957,0
"Y18","Y33",1,0.409303248469468,0
"Y18","Y35",1,0.617442707782241,0
"Y19","Y01",1,0.748871031280391,0
"Y19","Y02",1,0.781947365551239,0
"Y19","Y03",1,0.801329052493737,0
"Y19","Y04",1,0.784984379009896,0
"Y19","Y05",1,0.764108824286903,0
"Y19","Y06",1,0.748694897212407,0
"Y19","Y07",1,0.724108420698531,0
"Y19","Y08",1,0.69227680712052,0
"Y19","Y09",1,0.664036099322917,0
"Y19","Y10",1,0.670741536956834,0
"Y19","Y11",1,0.865011018537738,0
"Y19","Y12",1,0.903312069357488,0
"Y19","Y14",1,0.654614917677214,0
"Y19","Y16",1,0.779412861177014,0
"Y19","Y17",1,0.771257225417393,0
"Y19","Y18",1,0.735231330028481,0
"Y19","Y21",1,0.939794509656601,1
"Y19","Y22",1,0.911332500903474,0
"Y19","Y23",1,0.708177086569267,0
"Y19","Y26",1,0.56881134006382,0
"Y19","Y27",1,0.491465143211827,0
"Y19","Y28",1,0.464599619635321,0
"Y19","Y29",1,0.433147283643411,0
"Y19","Y30",1,0.440874454981892,0
"Y19","Y31",1,0.344595932378369,0
"Y19","Y33",1,0.40414931009416,0
"Y19","Y35",1,0.616213369073132,0
"Y21","Y01",1,0.716145799401628,0
"Y21","Y02",1,0.739314272722541,0
"Y21","Y03",1,0.742783977308827,0
"Y21","Y04",1,0.724033579969189,0
"Y21","Y05",1,0.700925281803509,0
"Y21","Y06",1,0.68500210676954,0
"Y21","Y07",1,0.659508089938841,0
"Y21","Y08",1,0.627102708502212,0
"Y21","Y09",1,0.597594499200389,0
"Y21","Y10",1,0.60403460067809,0
"Y21","Y11",1,0.809408308530435,0
"Y21","Y12",1,0.843829048527009,0
"Y21","Y14",1,0.640599189977019,0
"Y21","Y16",1,0.772564531841717,0
"Y21","Y17",1,0.768818540785069,0
"Y21","Y18",1,0.742588754228602,0
"Y21","Y19",1,0.939794509656601,0
"Y21","Y22",1,0.977767793559826,0
"Y21","Y23",1,0.774645145190237,0
"Y21","Y26",1,0.63399964420708,0
"Y21","Y27",1,0.55669743582027,0
"Y21","Y28",1,0.529775930002561,0
"Y21","Y29",1,0.498130095747464,0
"Y21","Y30",1,0.503793213591343,0
"Y21","Y31",1,0.409920721301495,0
"Y21","Y33",1,0.473001749196602,0
"Y21","Y35",1,0.68439971469404,0
"Y22","Y01",1,0.710758657837945,0
"Y22","Y02",1,0.728798303808355,0
"Y22","Y03",1,0.723954925845408,0
"Y22","Y04",1,0.703936328790051,0
"Y22","Y05",1,0.679513089615365,0
"Y22","Y06",1,0.663313721932264,0
"Y22","Y07",1,0.637249018564626,0
"Y22","Y08",1,0.604493568455315,0
"Y22","Y09",1,0.573923112190592,0
"Y22","Y10",1,0.580085116144653,0
"Y22","Y11",1,0.791137235750935,0
"Y22","Y12",1,0.813002141210841,0
"Y22","Y14",1,0.6183394377054,0
"Y22","Y16",1,0.751045584497475,0
"Y22","Y17",1,0.748771681450819,0
"Y22","Y18",1,0.726485418629547,0
"Y22","Y19",1,0.911332500903474,0
"Y22","Y21",1,0.977767793559826,1
"Y22","Y23",1,0.795518419592363,0
"Y22","Y26",1,0.653990204845531,0
"Y22","Y27",1,0.576983679096229,0
"Y22","Y28",1,0.550063851424022,0
"Y22","Y29",1,0.518269318017334,0
"Y22","Y30",1,0.521784827219675,0
"Y22","Y31",1,0.430595712964014,0
"Y22","Y33",1,0.499979641031034,0
"Y22","Y35",1,0.708752057323189,0
"Y23","Y01",1,0.51088944373504,0
"Y23","Y02",1,0.520741945029453,0
"Y23","Y03",1,0.510824237584917,0
"Y23","Y04",1,0.491009366459682,0
"Y23","Y05",1,0.467166668479768,0
"Y23","Y06",1,0.451141479070585,0
"Y23","Y07",1,0.425519598506544,0
"Y23","Y08",1,0.393093651516857,0
"Y23","Y09",1,0.363832070704192,0
"Y23","Y10",1,0.370406602624609,0
"Y23","Y11",1,0.578001241418709,0
"Y23","Y12",1,0.633989675143387,0
"Y23","Y14",1,0.573062868851202,0
"Y23","Y16",1,0.685347592734129,0
"Y23","Y17",1,0.694372888469083,0
"Y23","Y18",1,0.706627310927051,0
"Y23","Y19",1,0.708177086569267,0
"Y23","Y21",1,0.774645145190237,0
"Y23","Y22",1,0.795518419592363,1
"Y23","Y26",1,0.867033218847232,0
"Y23","Y27",1,0.790119819452075,0
"Y23","Y28",1,0.763199453075795,0
"Y23","Y29",1,0.731403478265426,0
"Y23","Y30",1,0.733266094678219,0
"Y23","Y31",1,0.643635981337035,0
"Y23","Y33",1,0.690734103052706,0
"Y23","Y35",1,0.909835536715067,0
"Y26","Y01",1,0.372026990875771,0
"Y26","Y02",1,0.379884300413836,0
"Y26","Y03",1,0.369353078785472,0
"Y26","Y04",1,0.349750700400946,0
"Y26","Y05",1,0.326272804589819,0
"Y26","Y06",1,0.310354617905209,0
"Y26","Y07",1,0.284989039938615,0
"Y26","Y08",1,0.252768807784034,0
"Y26","Y09",1,0.224204340980346,0
"Y26","Y10",1,0.230967591357913,0
"Y26","Y11",1,0.436500729031099,0
"Y26","Y12",1,0.502251818963097,0
"Y26","Y14",1,0.499141497059225,0
"Y26","Y16",1,0.588342882820913,0
"Y26","Y17",1,0.600858292321829,0
"Y26","Y18",1,0.627155539644587,0
"Y26","Y19",1,0.56881134006382,0
"Y26","Y21",1,0.63399964420708,0
"Y26","Y22",1,0.653990204845531,0
"Y26","Y23",1,0.867033218847232,0
"Y26","Y27",1,0.931301232097553,0
"Y26","Y28",1,0.90440554685853,0
"Y26","Y29",1,0.872781093201687,0
"Y26","Y30",1,0.872833108245527,0
"Y26","Y31",1,0.784432481034165,0
"Y26","Y33",1,0.787327799009367,0
"Y26","Y35",1,0.922067278144554,0
"Y27","Y01",1,0.297909270885379,0
"Y27","Y02",1,0.30425584064574,0
"Y27","Y03",1,0.292291682808354,0
"Y27","Y04",1,0.272563147626794,0
"Y27","Y05",1,0.248981795108633,0
"Y27","Y06",1,0.233045532901537,0
"Y27","Y07",1,0.207651459061399,0
"Y27","Y08",1,0.175419368775294,0
"Y27","Y09",1,0.146864412117593,0
"Y27","Y10",1,0.153638822286402,0
"Y27","Y11",1,0.359466545870304,0
"Y27","Y12",1,0.426081397137378,0
"Y27","Y14",1,0.440830578224671,0
"Y27","Y16",1,0.520803034986007,0
"Y27","Y17",1,0.534167485503845,0
"Y27","Y18",1,0.564294780600571,0
"Y27","Y19",1,0.491465143211827,0
"Y27","Y21",1,0.55669743582027,0
"Y27","Y22",1,0.576983679096229,0
"Y27","Y23",1,0.790119819452075,0
"Y27","Y26",1,0.931301232097553,0
"Y27","Y28",1,0.981725050684627,0
"Y27","Y29",1,0.949921003826799,0
"Y27","Y30",1,0.938738485532799,0
"Y27","Y31",1,0.861784184103769,0
"Y27","Y33",1,0.824985070461034,0
"Y27","Y35",1,0.860694810940064,0
"Y28","Y01",1,0.271583233473629,0
"Y28","Y02",1,0.277585680240882,0
"Y28","Y03",1,0.265369579008786,0
"Y28","Y04",1,0.245633820871394,0
"Y28","Y05",1,0.222057566774652,0
"Y28","Y06",1,0.20612489100347,0
"Y28","Y07",1,0.180741780096602,0
"Y28","Y08",1,0.148520721195079,0
"Y28","Y09",1,0.120010198372806,0
"Y28","Y10",1,0.126797534385352,0
"Y28","Y11",1,0.33254652712355,0
"Y28","Y12",1,0.399780121882274,0
"Y28","Y14",1,0.42047434320693,0
"Y28","Y16",1,0.497351804274296,0
"Y28","Y17",1,0.510964887496406,0
"Y28","Y18",1,0.542229400988398,0
"Y28","Y19",1,0.464599619635321,0
"Y28","Y21",1,0.529775930002561,0
"Y28","Y22",1,0.550063851424022,0
"Y28","Y23",1,0.763199453075795,0
"Y28","Y26",1,0.90440554685853,0
"Y28","Y27",1,0.981725050684627,0
"Y28","Y29",1,0.97677570123853,0
"Y28","Y30",1,0.955511173585949,1
"Y28","Y31",1,0.888641470068489,0
"Y28","Y33",1,0.83037752096051,0
"Y28","Y35",1,0.835707155295933,0
"Y29","Y01",1,0.239879052247539,0
"Y29","Y02",1,0.245725606234839,0
"Y29","Y03",1,0.233584209347917,0
"Y29","Y04",1,0.213900708481747,0
"Y29","Y05",1,0.190401689216291,0
"Y29","Y06",1,0.174490988294714,0
"Y29","Y07",1,0.1491590480722,0
"Y29","Y08",1,0.116979679667263,0
"Y29","Y09",1,0.0886010055684926,0
"Y29","Y10",1,0.0954212678205545,0
"Y29","Y11",1,0.300753794446841,0
"Y29","Y12",1,0.369373605047723,0
"Y29","Y14",1,0.397833428353059,0
"Y29","Y16",1,0.470774865523217,0
"Y29","Y17",1,0.484687084471939,0
"Y29","Y18",1,0.517319985552358,0
"Y29","Y19",1,0.433147283643411,0
"Y29","Y21",1,0.498130095747464,0
"Y29","Y22",1,0.518269318017334,0
"Y29","Y23",1,0.731403478265426,0
"Y29","Y26",1,0.872781093201687,0
"Y29","Y27",1,0.949921003826799,0
"Y29","Y28",1,0.97677570123853,0
"Y29","Y30",1,0.964371525462274,0
"Y29","Y31",1,0.91980388300605,0
"Y29","Y33",1,0.828393942894255,0
"Y29","Y35",1,0.80467124636847,0
"Y30","Y01",1,0.236472510099393,0
"Y30","Y02",1,0.245353614733405,0
"Y30","Y03",1,0.238039226755339,0
"Y30","Y04",1,0.219212622352999,0
"Y30","Y05",1,0.19673070408801,0
"Y30","Y06",1,0.181090389176283,0
"Y30","Y07",1,0.15632832204527,0
"Y30","Y08",1,0.12459383737753,0
"Y30","Y09",1,0.0973751913419584,0
"Y30","Y10",1,0.104441041507297,0
"Y30","Y11",1,0.304949500348288,0
"Y30","Y12",1,0.383247919200152,0
"Y30","Y14",1,0.429316188515162,0
"Y30","Y16",1,0.495340246123145,0
"Y30","Y17",1,0.509814551239996,0
"Y30","Y18",1,0.544883534827542,0
"Y30","Y19",1,0.440874454981892,0
"Y30","Y21",1,0.503793213591343,0
"Y30","Y22",1,0.521784827219675,0
"Y30","Y23",1,0.733266094678219,0
"Y30","Y26",1,0.872833108245527,0
"Y30","Y27",1,0.938738485532799,0
"Y30","Y28",1,0.955511173585949,0
"Y30","Y29",1,0.964371525462274,1
"Y30","Y31",1,0.898232043975325,0
"Y30","Y33",1,0.784857275140487,0
"Y30","Y35",1,0.793232415376713,0
"Y31","Y01",1,0.155869074024267,0
"Y31","Y02",1,0.160002082643985,0
"Y31","Y03",1,0.145915786913341,0
"Y31","Y04",1,0.125992301809943,0
"Y31","Y05",1,0.10224192513698,0
"Y31","Y06",1,0.0862744407393173,0
"Y31","Y07",1,0.0608269526112668,0
"Y31","Y08",1,0.0285682419985035,0
"Y31","Y09",1,0,0
"Y31","Y10",1,0.00678453782186794,0
"Y31","Y11",1,0.213117283684594,0
"Y31","Y12",1,0.280620932055767,0
"Y31","Y14",1,0.319119073445312,0
"Y31","Y16",1,0.38583331030724,0
"Y31","Y17",1,0.400124221143435,0
"Y31","Y18",1,0.43461921979957,0
"Y31","Y19",1,0.344595932378369,0
"Y31","Y21",1,0.409920721301495,0
"Y31","Y22",1,0.430595712964014,0
"Y31","Y23",1,0.643635981337035,0
"Y31","Y26",1,0.784432481034165,0
"Y31","Y27",1,0.861784184103769,0
"Y31","Y28",1,0.888641470068489,0
"Y31","Y29",1,0.91980388300605,1
"Y31","Y30",1,0.898232043975325,1
"Y31","Y33",1,0.815519064966754,1
"Y31","Y35",1,0.722306282016722,0
"Y33","Y01",1,0.264328220509941,0
"Y33","Y02",1,0.257588975960303,0
"Y33","Y03",1,0.226318300303243,0
"Y33","Y04",1,0.203818522909287,0
"Y33","Y05",1,0.176938229169077,0
"Y33","Y06",1,0.160398883653581,0
"Y33","Y07",1,0.13346619494576,0
"Y33","Y08",1,0.100317989521188,0
"Y33","Y09",1,0.0679295835722364,0
"Y33","Y10",1,0.0735989707600949,0
"Y33","Y11",1,0.29208628443555,0
"Y33","Y12",1,0.319559314626582,0
"Y33","Y14",1,0.279248832885665,0
"Y33","Y16",1,0.375839554471047,0
"Y33","Y17",1,0.387055825453613,0
"Y33","Y18",1,0.409303248469468,0
"Y33","Y19",1,0.40414931009416,0
"Y33","Y21",1,0.473001749196602,0
"Y33","Y22",1,0.499979641031034,0
"Y33","Y23",1,0.690734103052706,0
"Y33","Y26",1,0.787327799009367,0
"Y33","Y27",1,0.824985070461034,0
"Y33","Y28",1,0.83037752096051,0
"Y33","Y29",1,0.828393942894255,0
"Y33","Y30",1,0.784857275140487,0
"Y33","Y31",1,0.815519064966754,0
"Y33","Y35",1,0.789550582102915,0
"Y35","Y01",1,0.442206537696884,0
"Y35","Y02",1,0.445313108643614,0
"Y35","Y03",1,0.426361563136176,0
"Y35","Y04",1,0.405302349062956,0
"Y35","Y05",1,0.38007365708015,0
"Y35","Y06",1,0.363764766120345,0
"Y35","Y07",1,0.337501086557501,0
"Y35","Y08",1,0.304666180972092,0
"Y35","Y09",1,0.274053121648608,0
"Y35","Y10",1,0.280279969790919,0
"Y35","Y11",1,0.49340669415107,0
"Y35","Y12",1,0.536851065291903,0
"Y35","Y14",1,0.484503800832303,0
"Y35","Y16",1,0.590349431059918,0
"Y35","Y17",1,0.600424809112066,0
"Y35","Y18",1,0.617442707782241,0
"Y35","Y19",1,0.616213369073132,0
"Y35","Y21",1,0.68439971469404,0
"Y35","Y22",1,0.708752057323189,1
"Y35","Y23",1,0.909835536715067,0
"Y35","Y26",1,0.922067278144554,0
"Y35","Y27",1,0.860694810940064,0
"Y35","Y28",1,0.835707155295933,0
"Y35","Y29",1,0.80467124636847,0
"Y35","Y30",1,0.793232415376713,0
"Y35","Y31",1,0.722306282016722,0
"Y35","Y33",1,0.789550582102915,0
"Z02","Z03",1,0.898595951681351,0
"Z02","Z05",1,0.939268431807961,0
"Z02","Z06",1,0.954984781428262,0
"Z02","Z07",1,0.938742823916262,0
"Z02","Z08",1,0.955216316290884,0
"Z02","Z10",1,0.846649749980849,0
"Z02","Z11",1,0.836666737982787,0
"Z02","Z13",1,0.77229549502996,0
"Z02","Z14",1,0.809309780986242,0
"Z02","Z15",1,0.792368807040324,0
"Z02","Z16",1,0.766567608626283,0
"Z02","Z17",1,0.73542547879098,0
"Z02","Z18",1,0.788246181960946,0
"Z02","Z19",1,0.797144550602781,0
"Z02","Z20",1,0.791123722795604,0
"Z02","Z21",1,0.79461388352498,0
"Z02","Z22",1,0.749276863318661,0
"Z02","Z23",1,0.77271597664905,0
"Z02","Z24",1,0.782369839788515,0
"Z02","Z26",1,0.744848442478756,0
"Z02","Z27",1,0.631696629017758,0
"Z02","Z28",1,0.628066157913243,0
"Z02","Z29",1,0.622745734408076,0
"Z02","Z30",1,0.610192415033166,0
"Z02","Z31",1,0.596532017174027,0
"Z02","Z32",1,0.571304013422319,0
"Z02","Z33",1,0.542457286028255,0
"Z02","Z35",1,0.749660095955497,0
"Z02","Z38",1,0.81894831749506,0
"Z02","Z39",1,0.80554707599168,0
"Z02","Z40",1,0.786793434148752,0
"Z02","Z41",1,0.641140294933615,0
"Z02","Z42",1,0.449255788652006,0
"Z02","Z43",1,0.330416355752656,0
"Z02","Z44",1,0.396369669259797,0
"Z02","Z45",1,0.364527359955018,0
"Z03","Z02",1,0.898595951681351,0
"Z03","Z05",1,0.831320773554925,0
"Z03","Z06",1,0.857021429682635,0
"Z03","Z07",1,0.85727987513522,0
"Z03","Z08",1,0.917647667349342,0
"Z03","Z10",1,0.858810576870014,0
"Z03","Z11",1,0.870661804173841,0
"Z03","Z13",1,0.820078796444039,0
"Z03","Z14",1,0.83495812449975,0
"Z03","Z15",1,0.812619097781237,0
"Z03","Z16",1,0.779254046946862,0
"Z03","Z17",1,0.755016669900684,0
"Z03","Z18",1,0.847171537175959,0
"Z03","Z19",1,0.86259851588556,0
"Z03","Z20",1,0.864549442232955,0
"Z03","Z21",1,0.871432265505695,0
"Z03","Z22",1,0.841870505421859,0
"Z03","Z23",1,0.867044278149438,0
"Z03","Z24",1,0.881291243007672,0
"Z03","Z26",1,0.85153612203683,0
"Z03","Z27",1,0.737453716315558,0
"Z03","Z28",1,0.7309787864796,0
"Z03","Z29",1,0.721923345027326,0
"Z03","Z30",1,0.696424598159953,0
"Z03","Z31",1,0.677148598156302,0
"Z03","Z32",1,0.646276585724284,0
"Z03","Z33",1,0.611252099080882,0
"Z03","Z35",1,0.838045471502037,0
"Z03","Z38",1,0.821771650849876,0
"Z03","Z39",1,0.822964910758498,0
"Z03","Z40",1,0.832675286981356,1
"Z03","Z41",1,0.64223233712241,0
"Z03","Z42",1,0.467506229375485,0
"Z03","Z43",1,0.351931014301234,0
"Z03","Z44",1,0.453564872003928,0
"Z03","Z45",1,0.417684917253102,0
"Z05","Z02",1,0.939268431807961,0
"Z05","Z03",1,0.831320773554925,0
"Z05","Z06",1,0.974004460014083,0
"Z05","Z07",1,0.950519487548393,0
"Z05","Z08",1,0.90973386098051,0
"Z05","Z10",1,0.823310979822297,0
"Z05","Z11",1,0.803620575090017,0
"Z05","Z13",1,0.740041078115713,0
"Z05","Z14",1,0.784850984296051,0
"Z05","Z15",1,0.773169642425692,0
"Z05","Z16",1,0.754754513236209,0
"Z05","Z17",1,0.722290898272188,0
"Z05","Z18",1,0.748856527359474,0
"Z05","Z19",1,0.753796636807048,0
"Z05","Z20",1,0.74448267903541,0
"Z05","Z21",1,0.746128588227837,0
"Z05","Z22",1,0.69526565556055,0
"Z05","Z23",1,0.716965284696797,0
"Z05","Z24",1,0.723915387328094,0
"Z05","Z26",1,0.682408582550123,0
"Z05","Z27",1,0.571103682799113,0
"Z05","Z28",1,0.569821826199442,0
"Z05","Z29",1,0.567301246251556,0
"Z05","Z30",1,0.56347015019232,0
"Z05","Z31",1,0.553598773577719,0
"Z05","Z32",1,0.532412437708886,0
"Z05","Z33",1,0.508020289198187,0
"Z05","Z35",1,0.697872454111411,0
"Z05","Z38",1,0.771066801523587,0
"Z05","Z39",1,0.753097402396768,0
"Z05","Z40",1,0.726315035695041,0
"Z05","Z41",1,0.645327445789922,0
"Z05","Z42",1,0.448475097895509,0
"Z05","Z43",1,0.329524506430544,0
"Z05","Z44",1,0.371773283710894,0
"Z05","Z45",1,0.342963832126788,0
"Z06","Z02",1,0.954984781428262,0
"Z06","Z03",1,0.857021429682635,0
"Z06","Z05",1,0.974004460014083,0
"Z06","Z07",1,0.981873300278735,0
"Z06","Z08",1,0.941787942048021,0
"Z06","Z10",1,0.857245346676591,0
"Z06","Z11",1,0.838201329764467,0
"Z06","Z13",1,0.774458169465906,0
"Z06","Z14",1,0.818685703116698,0
"Z06","Z15",1,0.806191877051005,0
"Z06","Z16",1,0.786223915934941,0
"Z06","Z17",1,0.753863668734202,0
"Z06","Z18",1,0.783505239371892,0
"Z06","Z19",1,0.788330390954696,0
"Z06","Z20",1,0.778800465481132,0
"Z06","Z21",1,0.780249299657702,0
"Z06","Z22",1,0.728659780129978,0
"Z06","Z23",1,0.749891819811879,0
"Z06","Z24",1,0.756032551631421,0
"Z06","Z26",1,0.713085269267288,0
"Z06","Z27",1,0.602911184899966,0
"Z06","Z28",1,0.60243917376868,0
"Z06","Z29",1,0.600645413264716,0
"Z06","Z30",1,0.597975149559073,0
"Z06","Z31",1,0.588242458372675,0
"Z06","Z32",1,0.567009221024711,0
"Z06","Z33",1,0.542358942585289,0
"Z06","Z35",1,0.731664935011687,0
"Z06","Z38",1,0.768990964142735,0
"Z06","Z39",1,0.753879476680974,0
"Z06","Z40",1,0.73323810465176,0
"Z06","Z41",1,0.671676095089233,0
"Z06","Z42",1,0.475934418589,0
"Z06","Z43",1,0.35685634824258,0
"Z06","Z44",1,0.404829151260999,0
"Z06","Z45",1,0.375474725250629,0
"Z07","Z02",1,0.938742823916262,0
"Z07","Z03",1,0.85727987513522,0
"Z07","Z05",1,0.950519487548393,0
"Z07","Z06",1,0.981873300278735,0
"Z07","Z08",1,0.947825686952801,0
"Z07","Z10",1,0.880988824068169,0
"Z07","Z11",1,0.859632283732292,0
"Z07","Z13",1,0.796987735399137,0
"Z07","Z14",1,0.842683802935358,0
"Z07","Z15",1,0.831304324860146,0
"Z07","Z16",1,0.812396314276634,0
"Z07","Z17",1,0.779975984350888,0
"Z07","Z18",1,0.803757723289715,0
"Z07","Z19",1,0.807057615176631,0
"Z07","Z20",1,0.796325802000728,0
"Z07","Z21",1,0.796931374423583,0
"Z07","Z22",1,0.743343594585056,0
"Z07","Z23",1,0.763305829537289,0
"Z07","Z24",1,0.767655775945422,0
"Z07","Z26",1,0.722367566827281,0
"Z07","Z27",1,0.61462202304765,0
"Z07","Z28",1,0.615740935750795,0
"Z07","Z29",1,0.615606646137605,0
"Z07","Z30",1,0.616968820518507,0
"Z07","Z31",1,0.608643941887463,0
"Z07","Z32",1,0.588741121003366,0
"Z07","Z33",1,0.565333475523221,0
"Z07","Z35",1,0.747463955080254,0
"Z07","Z38",1,0.749174221883357,0
"Z07","Z39",1,0.735680480467643,0
"Z07","Z40",1,0.718909654517635,0
"Z07","Z41",1,0.698373873593139,0
"Z07","Z42",1,0.502713746990588,0
"Z07","Z43",1,0.383634754011646,0
"Z07","Z44",1,0.429906064680676,0
"Z07","Z45",1,0.400997933961055,0
"Z08","Z02",1,0.955216316290884,0
"Z08","Z03",1,0.917647667349342,0
"Z08","Z05",1,0.90973386098051,0
"Z08","Z06",1,0.941787942048021,0
"Z08","Z07",1,0.947825686952801,0
"Z08","Z10",1,0.899285180332946,0
"Z08","Z11",1,0.890052511966742,0
"Z08","Z13",1,0.825573772789949,0
"Z08","Z14",1,0.862467075245241,0
"Z08","Z15",1,0.844899469831977,0
"Z08","Z16",1,0.817747073066937,0
"Z08","Z17",1,0.787234679329609,0
"Z08","Z18",1,0.840421324158563,0
"Z08","Z19",1,0.848140292701622,0
"Z08","Z20",1,0.840662144571377,0
"Z08","Z21",1,0.843197363450752,0
"Z08","Z22",1,0.793912650607453,0
"Z08","Z23",1,0.815859553508628,0
"Z08","Z24",1,0.822684482043004,0
"Z08","Z26",1,0.779908384708277,0
"Z08","Z27",1,0.669661343804076,0
"Z08","Z28",1,0.668729687706288,0
"Z08","Z29",1,0.666050075192064,0
"Z08","Z30",1,0.659099195803792,0
"Z08","Z31",1,0.646992390502391,0
"Z08","Z32",1,0.622980952122837,0
"Z08","Z33",1,0.595060729348917,0
"Z08","Z35",1,0.795977173217995,0
"Z08","Z38",1,0.782742442593639,0
"Z08","Z39",1,0.773955021125913,0
"Z08","Z40",1,0.765806581733078,0
"Z08","Z41",1,0.688565872693844,0
"Z08","Z42",1,0.49932245623949,0
"Z08","Z43",1,0.380778047857676,0
"Z08","Z44",1,0.449795455855522,0
"Z08","Z45",1,0.417948772775432,0
"Z10","Z02",1,0.846649749980849,0
"Z10","Z03",1,0.858810576870014,0
"Z10","Z05",1,0.823310979822297,0
"Z10","Z06",1,0.857245346676591,0
"Z10","Z07",1,0.880988824068169,0
"Z10","Z08",1,0.899285180332946,0
"Z10","Z11",1,0.977177345842842,0
"Z10","Z13",1,0.923701344383854,0
"Z10","Z14",1,0.970052572109182,0
"Z10","Z15",1,0.95426874142912,0
"Z10","Z16",1,0.925353377028864,0
"Z10","Z17",1,0.896163176919462,0
"Z10","Z18",1,0.92312927293757,0
"Z10","Z19",1,0.919176823629769,0
"Z10","Z20",1,0.903911849959524,0
"Z10","Z21",1,0.900240996397946,0
"Z10","Z22",1,0.843143543249146,0
"Z10","Z23",1,0.855033383582715,0
"Z10","Z24",1,0.850009194942059,0
"Z10","Z26",1,0.799048278687358,0
"Z10","Z27",1,0.709078152761644,0
"Z10","Z28",1,0.716579093718554,0
"Z10","Z29",1,0.722811375430636,0
"Z10","Z30",1,0.737417546033823,0
"Z10","Z31",1,0.732642358882837,0
"Z10","Z32",1,0.715194220458694,0
"Z10","Z33",1,0.692930691750699,0
"Z10","Z35",1,0.851930667640599,0
"Z10","Z38",1,0.683405776558697,0
"Z10","Z39",1,0.679281006584752,0
"Z10","Z40",1,0.683202781086296,0
"Z10","Z41",1,0.790427935087043,0
"Z10","Z42",1,0.60684073627347,0
"Z10","Z43",1,0.488791464648534,0
"Z10","Z44",1,0.555467073084129,0
"Z10","Z45",1,0.525023131632133,0
"Z11","Z02",1,0.836666737982787,0
"Z11","Z03",1,0.870661804173841,0
"Z11","Z05",1,0.803620575090017,0
"Z11","Z06",1,0.838201329764467,0
"Z11","Z07",1,0.859632283732292,0
"Z11","Z08",1,0.890052511966742,0
"Z11","Z10",1,0.977177345842842,1
"Z11","Z13",1,0.943974752421431,0
"Z11","Z14",1,0.972878073647884,0
"Z11","Z15",1,0.95031986096952,0
"Z11","Z16",1,0.916406237464575,0
"Z11","Z17",1,0.892950149019207,0
"Z11","Z18",1,0.951811033602695,0
"Z11","Z19",1,0.950192969437709,0
"Z11","Z20",1,0.935277575320399,0
"Z11","Z21",1,0.931716960521182,0
"Z11","Z22",1,0.874608340048453,0
"Z11","Z23",1,0.886251150377123,0
"Z11","Z24",1,0.880403333284693,0
"Z11","Z26",1,0.829462775657817,0
"Z11","Z27",1,0.740526587394998,0
"Z11","Z28",1,0.747769370369808,0
"Z11","Z29",1,0.753387241249956,0
"Z11","Z30",1,0.764515279272868,0
"Z11","Z31",1,0.757552690405888,0
"Z11","Z32",1,0.737443155001462,0
"Z11","Z33",1,0.712161449974664,0
"Z11","Z35",1,0.883232957190502,0
"Z11","Z38",1,0.687931301377493,0
"Z11","Z39",1,0.686295599329895,0
"Z11","Z40",1,0.69512783666627,0
"Z11","Z41",1,0.779354042934032,0
"Z11","Z42",1,0.604194235843123,0
"Z11","Z43",1,0.487498245181179,0
"Z11","Z44",1,0.568326231612067,0
"Z11","Z45",1,0.536081361029377,0
"Z13","Z02",1,0.77229549502996,0
"Z13","Z03",1,0.820078796444039,0
"Z13","Z05",1,0.740041078115713,0
"Z13","Z06",1,0.774458169465906,0
"Z13","Z07",1,0.796987735399137,0
"Z13","Z08",1,0.825573772789949,0
"Z13","Z10",1,0.923701344383854,0
"Z13","Z11",1,0.943974752421431,0
"Z13","Z14",1,0.958526341469734,0
"Z13","Z15",1,0.953351026669442,0
"Z13","Z16",1,0.930749519732039,0
"Z13","Z17",1,0.926384611526352,0
"Z13","Z18",1,0.976621105813076,0
"Z13","Z19",1,0.958521487160101,0
"Z13","Z20",1,0.945369620803171,0
"Z13","Z21",1,0.936534767065667,0
"Z13","Z22",1,0.894685889257142,0
"Z13","Z23",1,0.893456086659136,0
"Z13","Z24",1,0.878986936007848,0
"Z13","Z26",1,0.833408529413369,0
"Z13","Z27",1,0.769202186091761,0
"Z13","Z28",1,0.782102785016244,0
"Z13","Z29",1,0.793876025140323,0
"Z13","Z30",1,0.819532211106594,0
"Z13","Z31",1,0.817020324053474,0
"Z13","Z32",1,0.800100178389708,0
"Z13","Z33",1,0.776504139174216,0
"Z13","Z35",1,0.907760536380025,0
"Z13","Z38",1,0.633447977559654,0
"Z13","Z39",1,0.63460298882544,0
"Z13","Z40",1,0.64991265887888,0
"Z13","Z41",1,0.809880321861381,0
"Z13","Z42",1,0.653585241573739,0
"Z13","Z43",1,0.539585768670261,0
"Z13","Z44",1,0.632295362144281,0
"Z13","Z45",1,0.599305994510199,0
"Z14","Z02",1,0.809309780986242,0
"Z14","Z03",1,0.83495812449975,0
"Z14","Z05",1,0.784850984296051,0
"Z14","Z06",1,0.818685703116698,0
"Z14","Z07",1,0.842683802935358,0
"Z14","Z08",1,0.862467075245241,0
"Z14","Z10",1,0.970052572109182,1
"Z14","Z11",1,0.972878073647884,0
"Z14","Z13",1,0.958526341469734,0
"Z14","Z15",1,0.985991047682182,0
"Z14","Z16",1,0.951874805118094,0
"Z14","Z17",1,0.92838526485597,0
"Z14","Z18",1,0.946930763119447,0
"Z14","Z19",1,0.935937466101557,0
"Z14","Z20",1,0.919323718099477,0
"Z14","Z21",1,0.912936305539926,0
"Z14","Z22",1,0.859354877912,0
"Z14","Z23",1,0.865665288252285,0
"Z14","Z24",1,0.856135855938011,0
"Z14","Z26",1,0.806149121923139,0
"Z14","Z27",1,0.727581067663556,0
"Z14","Z28",1,0.738008475797485,0
"Z14","Z29",1,0.747385073267833,0
"Z14","Z30",1,0.769465585398822,0
"Z14","Z31",1,0.767159477775424,0
"Z14","Z32",1,0.751729166326783,0
"Z14","Z33",1,0.730819596230608,0
"Z14","Z35",1,0.870419701262448,0
"Z14","Z38",1,0.653222451189089,0
"Z14","Z39",1,0.651020175218619,0
"Z14","Z40",1,0.659353451628845,0
"Z14","Z41",1,0.815024835933216,0
"Z14","Z42",1,0.638930333761409,0
"Z14","Z43",1,0.521752771529795,0
"Z14","Z44",1,0.593982305274336,0
"Z14","Z45",1,0.563285861161232,0
"Z15","Z02",1,0.792368807040324,0
"Z15","Z03",1,0.812619097781237,0
"Z15","Z05",1,0.773169642425692,0
"Z15","Z06",1,0.806191877051005,0
"Z15","Z07",1,0.831304324860146,0
"Z15","Z08",1,0.844899469831977,0
"Z15","Z10",1,0.95426874142912,0
"Z15","Z11",1,0.95031986096952,0
"Z15","Z13",1,0.953351026669442,0
"Z15","Z14",1,0.985991047682182,0
"Z15","Z16",1,0.974501263580424,0
"Z15","Z17",1,0.949750225077452,0
"Z15","Z18",1,0.932471494530083,0
"Z15","Z19",1,0.918631440726198,0
"Z15","Z20",1,0.902230959213017,0
"Z15","Z21",1,0.894991486876912,0
"Z15","Z22",1,0.844234118302238,0
"Z15","Z23",1,0.84803696540532,0
"Z15","Z24",1,0.837091824303192,0
"Z15","Z26",1,0.787919140581823,0
"Z15","Z27",1,0.71503325242775,0
"Z15","Z28",1,0.727139802392091,0
"Z15","Z29",1,0.738572641527659,0
"Z15","Z30",1,0.76708619028107,0
"Z15","Z31",1,0.767861173153249,0
"Z15","Z32",1,0.75580799559586,0
"Z15","Z33",1,0.73821746110892,0
"Z15","Z35",1,0.856239279127868,0
"Z15","Z38",1,0.63189435474634,0
"Z15","Z39",1,0.629200787944122,0
"Z15","Z40",1,0.636879340922691,0
"Z15","Z41",1,0.83766828420672,0
"Z15","Z42",1,0.659908619532875,0
"Z15","Z43",1,0.542293005009627,0
"Z15","Z44",1,0.607232877185078,0
"Z15","Z45",1,0.577804540846623,0
"Z16","Z02",1,0.766567608626283,0
"Z16","Z03",1,0.779254046946862,0
"Z16","Z05",1,0.754754513236209,0
"Z16","Z06",1,0.786223915934941,0
"Z16","Z07",1,0.812396314276634,1
"Z16","Z08",1,0.817747073066937,0
"Z16","Z10",1,0.925353377028864,1
"Z16","Z11",1,0.916406237464575,0
"Z16","Z13",1,0.930749519732039,0
"Z16","Z14",1,0.951874805118094,0
"Z16","Z15",1,0.974501263580424,1
"Z16","Z17",1,0.976178508923595,1
"Z16","Z18",1,0.903761007533452,0
"Z16","Z19",1,0.888084642587462,0
"Z16","Z20",1,0.872220326731503,0
"Z16","Z21",1,0.864347864377528,0
"Z16","Z22",1,0.817112796558344,0
"Z16","Z23",1,0.818237132692317,0
"Z16","Z24",1,0.805950998930904,0
"Z16","Z26",1,0.75787544299055,0
"Z16","Z27",1,0.692121954007699,0
"Z16","Z28",1,0.706286373380729,0
"Z16","Z29",1,0.720295756266844,0
"Z16","Z30",1,0.757229066693196,0
"Z16","Z31",1,0.762436864310824,0
"Z16","Z32",1,0.755661092344099,0
"Z16","Z33",1,0.743546862957565,0
"Z16","Z35",1,0.829959686331547,0
"Z16","Z38",1,0.600325033267356,0
"Z16","Z39",1,0.596838278034318,0
"Z16","Z40",1,0.603344693487717,0
"Z16","Z41",1,0.871522396225655,0
"Z16","Z42",1,0.689915988182285,0
"Z16","Z43",1,0.571597995923466,0
"Z16","Z44",1,0.623308240131163,0
"Z16","Z45",1,0.596169374787093,0
"Z17","Z02",1,0.73542547879098,0
"Z17","Z03",1,0.755016669900684,0
"Z17","Z05",1,0.722290898272188,0
"Z17","Z06",1,0.753863668734202,0
"Z17","Z07",1,0.779975984350888,1
"Z17","Z08",1,0.787234679329609,0
"Z17","Z10",1,0.896163176919462,0
"Z17","Z11",1,0.892950149019207,0
"Z17","Z13",1,0.926384611526352,0
"Z17","Z14",1,0.92838526485597,0
"Z17","Z15",1,0.949750225077452,1
"Z17","Z16",1,0.976178508923595,1
"Z17","Z18",1,0.895169985143367,0
"Z17","Z19",1,0.877642677501607,0
"Z17","Z20",1,0.863351651314959,0
"Z17","Z21",1,0.854694950997381,0
"Z17","Z22",1,0.814351963340051,0
"Z17","Z23",1,0.811285308926579,0
"Z17","Z24",1,0.796765071457174,0
"Z17","Z26",1,0.751463494268237,0
"Z17","Z27",1,0.696843219478241,0
"Z17","Z28",1,0.713305958386974,0
"Z17","Z29",1,0.72999218466613,0
"Z17","Z30",1,0.774444108984216,0
"Z17","Z31",1,0.783175854934811,0
"Z17","Z32",1,0.780231551109664,0
"Z17","Z33",1,0.77145703620196,0
"Z17","Z35",1,0.828040681977426,0
"Z17","Z38",1,0.573096734137414,0
"Z17","Z39",1,0.570752563824388,0
"Z17","Z40",1,0.579876474668279,0
"Z17","Z41",1,0.891113929441491,1
"Z17","Z42",1,0.718812933373386,0
"Z17","Z43",1,0.601122688135135,0
"Z17","Z44",1,0.655404746808317,0
"Z17","Z45",1,0.628571836112563,0
"Z18","Z02",1,0.788246181960946,0
"Z18","Z03",1,0.847171537175959,0
"Z18","Z05",1,0.748856527359474,0
"Z18","Z06",1,0.783505239371892,0
"Z18","Z07",1,0.803757723289715,0
"Z18","Z08",1,0.840421324158563,0
"Z18","Z10",1,0.92312927293757,0
"Z18","Z11",1,0.951811033602695,0
"Z18","Z13",1,0.976621105813076,0
"Z18","Z14",1,0.946930763119447,0
"Z18","Z15",1,0.932471494530083,0
"Z18","Z16",1,0.903761007533452,0
"Z18","Z17",1,0.895169985143367,0
"Z18","Z19",1,0.990508544089228,0
"Z18","Z20",1,0.976700763264042,0
"Z18","Z21",1,0.968174961797323,0
"Z18","Z22",1,0.920354392595907,0
"Z18","Z23",1,0.92311322757287,0
"Z18","Z24",1,0.909971496011736,0
"Z18","Z26",1,0.86274933165021,0
"Z18","Z27",1,0.789304217025135,0
"Z18","Z28",1,0.799380997153147,0
"Z18","Z29",1,0.807538416281759,0
"Z18","Z30",1,0.821303841884398,0
"Z18","Z31",1,0.813365537681293,0
"Z18","Z32",1,0.791123391882111,0
"Z18","Z33",1,0.762752347005607,0
"Z18","Z35",1,0.931968801961235,0
"Z18","Z38",1,0.660315029556322,0
"Z18","Z39",1,0.66266545399252,0
"Z18","Z40",1,0.679903251080853,0
"Z18","Z41",1,0.778136411977022,0
"Z18","Z42",1,0.622993337259619,0
"Z18","Z43",1,0.509909238064906,0
"Z18","Z44",1,0.611887682459609,0
"Z18","Z45",1,0.577366210299488,0
"Z19","Z02",1,0.797144550602781,0
"Z19","Z03",1,0.86259851588556,0
"Z19","Z05",1,0.753796636807048,0
"Z19","Z06",1,0.788330390954696,0
"Z19","Z07",1,0.807057615176631,0
"Z19","Z08",1,0.848140292701622,0
"Z19","Z10",1,0.919176823629769,0
"Z19","Z11",1,0.950192969437709,0
"Z19","Z13",1,0.958521487160101,1
"Z19","Z14",1,0.935937466101557,0
"Z19","Z15",1,0.918631440726198,0
"Z19","Z16",1,0.888084642587462,0
"Z19","Z17",1,0.877642677501607,0
"Z19","Z18",1,0.990508544089228,1
"Z19","Z20",1,0.992040528769205,0
"Z19","Z21",1,0.984903475519339,0
"Z19","Z22",1,0.931391019998891,0
"Z19","Z23",1,0.93802779996994,0
"Z19","Z24",1,0.9265100102506,0
"Z19","Z26",1,0.87793275713181,0
"Z19","Z27",1,0.797947971489822,0
"Z19","Z28",1,0.806049687130529,0
"Z19","Z29",1,0.811782923699493,0
"Z19","Z30",1,0.818287162953131,0
"Z19","Z31",1,0.807494738774227,0
"Z19","Z32",1,0.78271733320979,0
"Z19","Z33",1,0.752170586916642,0
"Z19","Z35",1,0.941208029831861,0
"Z19","Z38",1,0.676025191634296,0
"Z19","Z39",1,0.679028033650403,0
"Z19","Z40",1,0.69726848558447,0
"Z19","Z41",1,0.760375841549517,0
"Z19","Z42",1,0.605189684994514,0
"Z19","Z43",1,0.492466105065207,0
"Z19","Z44",1,0.598532822081281,0
"Z19","Z45",1,0.563327118046112,0
"Z20","Z02",1,0.791123722795604,0
"Z20","Z03",1,0.864549442232955,0
"Z20","Z05",1,0.74448267903541,0
"Z20","Z06",1,0.778800465481132,0
"Z20","Z07",1,0.796325802000728,0
"Z20","Z08",1,0.840662144571377,0
"Z20","Z10",1,0.903911849959524,0
"Z20","Z11",1,0.935277575320399,0
"Z20","Z13",1,0.945369620803171,0
"Z20","Z14",1,0.919323718099477,0
"Z20","Z15",1,0.902230959213017,0
"Z20","Z16",1,0.872220326731503,0
"Z20","Z17",1,0.863351651314959,0
"Z20","Z18",1,0.976700763264042,0
"Z20","Z19",1,0.992040528769205,0
"Z20","Z21",1,0.99957588995877,0
"Z20","Z22",1,0.947596159923129,0
"Z20","Z23",1,0.954446720090441,0
"Z20","Z24",1,0.941925233000806,0
"Z20","Z26",1,0.894192059165242,0
"Z20","Z27",1,0.813748524940456,0
"Z20","Z28",1,0.821054633286602,0
"Z20","Z29",1,0.82555749749721,0
"Z20","Z30",1,0.827088536897652,0
"Z20","Z31",1,0.813951649072866,0
"Z20","Z32",1,0.786934944799359,0
"Z20","Z33",1,0.754260918316187,0
"Z20","Z35",1,0.95658341734366,0
"Z20","Z38",1,0.679303785197617,0
"Z20","Z39",1,0.68358195461218,0
"Z20","Z40",1,0.704250247833077,0
"Z20","Z41",1,0.746595620290626,0
"Z20","Z42",1,0.595978341723593,0
"Z20","Z43",1,0.484493399934218,0
"Z20","Z44",1,0.597662302467828,0
"Z20","Z45",1,0.56156651597392,0
"Z21","Z02",1,0.79461388352498,0
"Z21","Z03",1,0.871432265505695,0
"Z21","Z05",1,0.746128588227837,0
"Z21","Z06",1,0.780249299657702,0
"Z21","Z07",1,0.796931374423583,0
"Z21","Z08",1,0.843197363450752,0
"Z21","Z10",1,0.900240996397946,0
"Z21","Z11",1,0.931716960521182,0
"Z21","Z13",1,0.936534767065667,0
"Z21","Z14",1,0.912936305539926,0
"Z21","Z15",1,0.894991486876912,0
"Z21","Z16",1,0.864347864377528,0
"Z21","Z17",1,0.854694950997381,0
"Z21","Z18",1,0.968174961797323,0
"Z21","Z19",1,0.984903475519339,0
"Z21","Z20",1,0.99957588995877,0
"Z21","Z22",1,0.951388465716194,0
"Z21","Z23",1,0.96138314539107,0
"Z21","Z24",1,0.950202781976307,0
"Z21","Z26",1,0.901566703840096,0
"Z21","Z27",1,0.817296417767085,0
"Z21","Z28",1,0.823426688341285,0
"Z21","Z29",1,0.826529458440533,0
"Z21","Z30",1,0.824195894755853,0
"Z21","Z31",1,0.809751044654558,0
"Z21","Z32",1,0.781684787411491,0
"Z21","Z33",1,0.748139907630428,0
"Z21","Z35",1,0.958555771047995,0
"Z21","Z38",1,0.686878596225699,0
"Z21","Z39",1,0.691532669077234,0
"Z21","Z40",1,0.712790297047793,0
"Z21","Z41",1,0.7377809612211,0
"Z21","Z42",1,0.586993733322383,0
"Z21","Z43",1,0.475661526589599,0
"Z21","Z44",1,0.590550304674315,0
"Z21","Z45",1,0.554175658451019,0
"Z22","Z02",1,0.749276863318661,0
"Z22","Z03",1,0.841870505421859,0
"Z22","Z05",1,0.69526565556055,0
"Z22","Z06",1,0.728659780129978,0
"Z22","Z07",1,0.743343594585056,0
"Z22","Z08",1,0.793912650607453,0
"Z22","Z10",1,0.843143543249146,0
"Z22","Z11",1,0.874608340048453,0
"Z22","Z13",1,0.894685889257142,0
"Z22","Z14",1,0.859354877912,0
"Z22","Z15",1,0.844234118302238,0
"Z22","Z16",1,0.817112796558344,0
"Z22","Z17",1,0.814351963340051,0
"Z22","Z18",1,0.920354392595907,0
"Z22","Z19",1,0.931391019998891,0
"Z22","Z20",1,0.947596159923129,0
"Z22","Z21",1,0.951388465716194,0
"Z22","Z23",1,0.983393766261388,1
"Z22","Z24",1,0.965896028251439,0
"Z22","Z26",1,0.942470858151033,0
"Z22","Z27",1,0.874546572135185,0
"Z22","Z28",1,0.880105502192414,0
"Z22","Z29",1,0.880640016496076,0
"Z22","Z30",1,0.86287641400656,0
"Z22","Z31",1,0.841314606438717,0
"Z22","Z32",1,0.80716560848572,1
"Z22","Z33",1,0.767913594269627,0
"Z22","Z35",1,0.994484663258072,1
"Z22","Z38",1,0.669129710822246,0
"Z22","Z39",1,0.678053724227168,0
"Z22","Z40",1,0.707785626408219,1
"Z22","Z41",1,0.701879942972666,0
"Z22","Z42",1,0.571049885714674,0
"Z22","Z43",1,0.46535848846082,0
"Z22","Z44",1,0.60398286498538,0
"Z22","Z45",1,0.565077426612966,0
"Z23","Z02",1,0.77271597664905,0
"Z23","Z03",1,0.867044278149438,0
"Z23","Z05",1,0.716965284696797,0
"Z23","Z06",1,0.749891819811879,0
"Z23","Z07",1,0.763305829537289,0
"Z23","Z08",1,0.815859553508628,0
"Z23","Z10",1,0.855033383582715,0
"Z23","Z11",1,0.886251150377123,0
"Z23","Z13",1,0.893456086659136,0
"Z23","Z14",1,0.865665288252285,0
"Z23","Z15",1,0.84803696540532,0
"Z23","Z16",1,0.818237132692317,0
"Z23","Z17",1,0.811285308926579,0
"Z23","Z18",1,0.92311322757287,0
"Z23","Z19",1,0.93802779996994,0
"Z23","Z20",1,0.954446720090441,0
"Z23","Z21",1,0.96138314539107,0
"Z23","Z22",1,0.983393766261388,0
"Z23","Z24",1,0.98907353379614,0
"Z23","Z26",1,0.948290315843647,0
"Z23","Z27",1,0.858963801583494,0
"Z23","Z28",1,0.861039020076064,0
"Z23","Z29",1,0.858518875692276,0
"Z23","Z30",1,0.83761835570339,0
"Z23","Z31",1,0.816385661823322,0
"Z23","Z32",1,0.782802349333702,0
"Z23","Z33",1,0.744270676591105,0
"Z23","Z35",1,0.976147713384373,0
"Z23","Z38",1,0.693707427020774,0
"Z23","Z39",1,0.702111077104845,0
"Z23","Z40",1,0.730456025078207,0
"Z23","Z41",1,0.695944353126304,0
"Z23","Z42",1,0.556217716120863,0
"Z23","Z43",1,0.448435669286265,0
"Z23","Z44",1,0.581119693998929,0
"Z23","Z45",1,0.542663307385173,0
"Z24","Z02",1,0.782369839788515,0
"Z24","Z03",1,0.881291243007672,0
"Z24","Z05",1,0.723915387328094,0
"Z24","Z06",1,0.756032551631421,0
"Z24","Z07",1,0.767655775945422,0
"Z24","Z08",1,0.822684482043004,0
"Z24","Z10",1,0.850009194942059,0
"Z24","Z11",1,0.880403333284693,0
"Z24","Z13",1,0.878986936007848,0
"Z24","Z14",1,0.856135855938011,0
"Z24","Z15",1,0.837091824303192,0
"Z24","Z16",1,0.805950998930904,0
"Z24","Z17",1,0.796765071457174,0
"Z24","Z18",1,0.909971496011736,0
"Z24","Z19",1,0.9265100102506,0
"Z24","Z20",1,0.941925233000806,0
"Z24","Z21",1,0.950202781976307,0
"Z24","Z22",1,0.965896028251439,0
"Z24","Z23",1,0.98907353379614,1
"Z24","Z26",1,0.957686830081209,0
"Z24","Z27",1,0.855459908011351,0
"Z24","Z28",1,0.854182883074098,0
"Z24","Z29",1,0.848337475276105,0
"Z24","Z30",1,0.821167393867626,0
"Z24","Z31",1,0.798707079199029,0
"Z24","Z32",1,0.764411167482029,0
"Z24","Z33",1,0.725373221091347,0
"Z24","Z35",1,0.956784651295689,0
"Z24","Z38",1,0.711841115422913,0
"Z24","Z39",1,0.720790430493551,0
"Z24","Z40",1,0.749828999141047,0
"Z24","Z41",1,0.680452310454079,0
"Z24","Z42",1,0.537494126225386,0
"Z24","Z43",1,0.429241962061397,0
"Z24","Z44",1,0.561878161097591,0
"Z24","Z45",1,0.523294736647402,0
"Z26","Z02",1,0.744848442478756,0
"Z26","Z03",1,0.85153612203683,0
"Z26","Z05",1,0.682408582550123,0
"Z26","Z06",1,0.713085269267288,0
"Z26","Z07",1,0.722367566827281,0
"Z26","Z08",1,0.779908384708277,0
"Z26","Z10",1,0.799048278687358,0
"Z26","Z11",1,0.829462775657817,0
"Z26","Z13",1,0.833408529413369,0
"Z26","Z14",1,0.806149121923139,0
"Z26","Z15",1,0.787919140581823,0
"Z26","Z16",1,0.75787544299055,0
"Z26","Z17",1,0.751463494268237,0
"Z26","Z18",1,0.86274933165021,0
"Z26","Z19",1,0.87793275713181,0
"Z26","Z20",1,0.894192059165242,0
"Z26","Z21",1,0.901566703840096,0
"Z26","Z22",1,0.942470858151033,0
"Z26","Z23",1,0.948290315843647,1
"Z26","Z24",1,0.957686830081209,0
"Z26","Z27",1,0.894557191458309,1
"Z26","Z28",1,0.886158786458501,0
"Z26","Z29",1,0.872131537504185,0
"Z26","Z30",1,0.82468893297817,0
"Z26","Z31",1,0.796881975781165,0
"Z26","Z32",1,0.759046492579247,0
"Z26","Z33",1,0.716713087998556,0
"Z26","Z35",1,0.928377424135439,0
"Z26","Z38",1,0.704464354934747,0
"Z26","Z39",1,0.717507655264045,0
"Z26","Z40",1,0.754332510315076,1
"Z26","Z41",1,0.63708674921184,0
"Z26","Z42",1,0.50580342474104,0
"Z26","Z43",1,0.401700059355263,0
"Z26","Z44",1,0.551176896346628,0
"Z26","Z45",1,0.510949997378783,0
"Z27","Z02",1,0.631696629017758,0
"Z27","Z03",1,0.737453716315558,0
"Z27","Z05",1,0.571103682799113,0
"Z27","Z06",1,0.602911184899966,0
"Z27","Z07",1,0.61462202304765,0
"Z27","Z08",1,0.669661343804076,0
"Z27","Z10",1,0.709078152761644,0
"Z27","Z11",1,0.740526587394998,0
"Z27","Z13",1,0.769202186091761,0
"Z27","Z14",1,0.727581067663556,0
"Z27","Z15",1,0.71503325242775,0
"Z27","Z16",1,0.692121954007699,0
"Z27","Z17",1,0.696843219478241,0
"Z27","Z18",1,0.789304217025135,0
"Z27","Z19",1,0.797947971489822,0
"Z27","Z20",1,0.813748524940456,0
"Z27","Z21",1,0.817296417767085,0
"Z27","Z22",1,0.874546572135185,0
"Z27","Z23",1,0.858963801583494,0
"Z27","Z24",1,0.855459908011351,0
"Z27","Z26",1,0.894557191458309,0
"Z27","Z28",1,0.981798408146225,0
"Z27","Z29",1,0.952602298126984,0
"Z27","Z30",1,0.874799106744537,0
"Z27","Z31",1,0.842088159407811,0
"Z27","Z32",1,0.803374514243418,0
"Z27","Z33",1,0.759291503331202,0
"Z27","Z35",1,0.865326314937525,0
"Z27","Z38",1,0.601165173459437,0
"Z27","Z39",1,0.61746878503407,0
"Z27","Z40",1,0.660892344568863,0
"Z27","Z41",1,0.596330580244022,0
"Z27","Z42",1,0.506317781261898,0
"Z27","Z43",1,0.416382212117971,0
"Z27","Z44",1,0.60053109269956,0
"Z27","Z45",1,0.558288849795139,0
"Z28","Z02",1,0.628066157913243,0
"Z28","Z03",1,0.7309787864796,0
"Z28","Z05",1,0.569821826199442,0
"Z28","Z06",1,0.60243917376868,0
"Z28","Z07",1,0.615740935750795,0
"Z28","Z08",1,0.668729687706288,0
"Z28","Z10",1,0.716579093718554,0
"Z28","Z11",1,0.747769370369808,0
"Z28","Z13",1,0.782102785016244,0
"Z28","Z14",1,0.738008475797485,0
"Z28","Z15",1,0.727139802392091,0
"Z28","Z16",1,0.706286373380729,0
"Z28","Z17",1,0.713305958386974,0
"Z28","Z18",1,0.799380997153147,0
"Z28","Z19",1,0.806049687130529,0
"Z28","Z20",1,0.821054633286602,0
"Z28","Z21",1,0.823426688341285,0
"Z28","Z22",1,0.880105502192414,0
"Z28","Z23",1,0.861039020076064,0
"Z28","Z24",1,0.854182883074098,0
"Z28","Z26",1,0.886158786458501,0
"Z28","Z27",1,0.981798408146225,1
"Z28","Z29",1,0.979454072002214,0
"Z28","Z30",1,0.901442365556118,0
"Z28","Z31",1,0.868783314754668,0
"Z28","Z32",1,0.830184143695613,0
"Z28","Z33",1,0.786133333451971,0
"Z28","Z35",1,0.873115063306229,0
"Z28","Z38",1,0.585790284446882,0
"Z28","Z39",1,0.600978759430092,0
"Z28","Z40",1,0.642673295050509,0
"Z28","Z41",1,0.616374297036266,0
"Z28","Z42",1,0.531759614763846,0
"Z28","Z43",1,0.442813376486486,0
"Z28","Z44",1,0.627192196054713,0
"Z28","Z45",1,0.584981116296448,0
"Z29","Z02",1,0.622745734408076,0
"Z29","Z03",1,0.721923345027326,0
"Z29","Z05",1,0.567301246251556,0
"Z29","Z06",1,0.600645413264716,0
"Z29","Z07",1,0.615606646137605,0
"Z29","Z08",1,0.666050075192064,0
"Z29","Z10",1,0.722811375430636,0
"Z29","Z11",1,0.753387241249956,0
"Z29","Z13",1,0.793876025140323,0
"Z29","Z14",1,0.747385073267833,0
"Z29","Z15",1,0.738572641527659,0
"Z29","Z16",1,0.720295756266844,0
"Z29","Z17",1,0.72999218466613,0
"Z29","Z18",1,0.807538416281759,0
"Z29","Z19",1,0.811782923699493,0
"Z29","Z20",1,0.82555749749721,0
"Z29","Z21",1,0.826529458440533,0
"Z29","Z22",1,0.880640016496076,0
"Z29","Z23",1,0.858518875692276,0
"Z29","Z24",1,0.848337475276105,0
"Z29","Z26",1,0.872131537504185,0
"Z29","Z27",1,0.952602298126984,0
"Z29","Z28",1,0.979454072002214,1
"Z29","Z30",1,0.930374333181965,0
"Z29","Z31",1,0.897819012124741,0
"Z29","Z32",1,0.859359266626287,0
"Z29","Z33",1,0.815332286899691,0
"Z29","Z35",1,0.876546059216311,0
"Z29","Z38",1,0.568392754606464,0
"Z29","Z39",1,0.582398113196326,0
"Z29","Z40",1,0.622221412713566,0
"Z29","Z41",1,0.637709924759497,0
"Z29","Z42",1,0.559481185668801,0
"Z29","Z43",1,0.471633981077394,0
"Z29","Z44",1,0.656038849558782,0
"Z29","Z45",1,0.613879270342039,0
"Z30","Z02",1,0.610192415033166,0
"Z30","Z03",1,0.696424598159953,0
"Z30","Z05",1,0.56347015019232,0
"Z30","Z06",1,0.597975149559073,0
"Z30","Z07",1,0.616968820518507,0
"Z30","Z08",1,0.659099195803792,0
"Z30","Z10",1,0.737417546033823,0
"Z30","Z11",1,0.764515279272868,0
"Z30","Z13",1,0.819532211106594,0
"Z30","Z14",1,0.769465585398822,0
"Z30","Z15",1,0.76708619028107,0
"Z30","Z16",1,0.757229066693196,0
"Z30","Z17",1,0.774444108984216,0
"Z30","Z18",1,0.821303841884398,0
"Z30","Z19",1,0.818287162953131,0
"Z30","Z20",1,0.827088536897652,0
"Z30","Z21",1,0.824195894755853,0
"Z30","Z22",1,0.86287641400656,0
"Z30","Z23",1,0.83761835570339,0
"Z30","Z24",1,0.821167393867626,0
"Z30","Z26",1,0.82468893297817,0
"Z30","Z27",1,0.874799106744537,0
"Z30","Z28",1,0.901442365556118,0
"Z30","Z29",1,0.930374333181965,0
"Z30","Z31",1,0.975891767138837,0
"Z30","Z32",1,0.936590250761567,0
"Z30","Z33",1,0.892183758764262,0
"Z30","Z35",1,0.866765287913683,0
"Z30","Z38",1,0.525563051425912,0
"Z30","Z39",1,0.536291459268767,0
"Z30","Z40",1,0.570707453313962,0
"Z30","Z41",1,0.698124618780271,0
"Z30","Z42",1,0.636385963216784,0
"Z30","Z43",1,0.549912078930362,0
"Z30","Z44",1,0.729223428910202,0
"Z30","Z45",1,0.687591209858195,0
"Z31","Z02",1,0.596532017174027,0
"Z31","Z03",1,0.677148598156302,0
"Z31","Z05",1,0.553598773577719,0
"Z31","Z06",1,0.588242458372675,0
"Z31","Z07",1,0.608643941887463,0
"Z31","Z08",1,0.646992390502391,0
"Z31","Z10",1,0.732642358882837,0
"Z31","Z11",1,0.757552690405888,0
"Z31","Z13",1,0.817020324053474,0
"Z31","Z14",1,0.767159477775424,0
"Z31","Z15",1,0.767861173153249,0
"Z31","Z16",1,0.762436864310824,0
"Z31","Z17",1,0.783175854934811,0
"Z31","Z18",1,0.813365537681293,0
"Z31","Z19",1,0.807494738774227,0
"Z31","Z20",1,0.813951649072866,0
"Z31","Z21",1,0.809751044654558,0
"Z31","Z22",1,0.841314606438717,0
"Z31","Z23",1,0.816385661823322,0
"Z31","Z24",1,0.798707079199029,0
"Z31","Z26",1,0.796881975781165,0
"Z31","Z27",1,0.842088159407811,0
"Z31","Z28",1,0.868783314754668,0
"Z31","Z29",1,0.897819012124741,0
"Z31","Z30",1,0.975891767138837,1
"Z31","Z32",1,0.969038670851054,1
"Z31","Z33",1,0.924655504205562,0
"Z31","Z35",1,0.84740897415462,0
"Z31","Z38",1,0.501931479787092,0
"Z31","Z39",1,0.511567602521984,0
"Z31","Z40",1,0.544183641598949,0
"Z31","Z41",1,0.717360183298423,0
"Z31","Z42",1,0.66709230970878,0
"Z31","Z43",1,0.582319626804581,0
"Z31","Z44",1,0.760589865720247,0
"Z31","Z45",1,0.719238327960691,0
"Z32","Z02",1,0.571304013422319,0
"Z32","Z03",1,0.646276585724284,0
"Z32","Z05",1,0.532412437708886,0
"Z32","Z06",1,0.567009221024711,0
"Z32","Z07",1,0.588741121003366,0
"Z32","Z08",1,0.622980952122837,0
"Z32","Z10",1,0.715194220458694,0
"Z32","Z11",1,0.737443155001462,0
"Z32","Z13",1,0.800100178389708,0
"Z32","Z14",1,0.751729166326783,0
"Z32","Z15",1,0.75580799559586,0
"Z32","Z16",1,0.755661092344099,0
"Z32","Z17",1,0.780231551109664,0
"Z32","Z18",1,0.791123391882111,0
"Z32","Z19",1,0.78271733320979,0
"Z32","Z20",1,0.786934944799359,0
"Z32","Z21",1,0.781684787411491,0
"Z32","Z22",1,0.80716560848572,0
"Z32","Z23",1,0.782802349333702,0
"Z32","Z24",1,0.764411167482029,0
"Z32","Z26",1,0.759046492579247,0
"Z32","Z27",1,0.803374514243418,0
"Z32","Z28",1,0.830184143695613,0
"Z32","Z29",1,0.859359266626287,0
"Z32","Z30",1,0.936590250761567,1
"Z32","Z31",1,0.969038670851054,1
"Z32","Z33",1,0.964237438158864,0
"Z32","Z35",1,0.814723253020844,0
"Z32","Z38",1,0.467861793703574,0
"Z32","Z39",1,0.47657808810386,0
"Z32","Z40",1,0.50773601155706,0
"Z32","Z41",1,0.730207394971944,0
"Z32","Z42",1,0.699941986285203,0
"Z32","Z43",1,0.619439742676313,0
"Z32","Z44",1,0.799842946837041,0
"Z32","Z45",1,0.758673984226893,0
"Z33","Z02",1,0.542457286028255,0
"Z33","Z03",1,0.611252099080882,0
"Z33","Z05",1,0.508020289198187,0
"Z33","Z06",1,0.542358942585289,0
"Z33","Z07",1,0.565333475523221,0
"Z33","Z08",1,0.595060729348917,0
"Z33","Z10",1,0.692930691750699,0
"Z33","Z11",1,0.712161449974664,0
"Z33","Z13",1,0.776504139174216,0
"Z33","Z14",1,0.730819596230608,0
"Z33","Z15",1,0.73821746110892,0
"Z33","Z16",1,0.743546862957565,0
"Z33","Z17",1,0.77145703620196,0
"Z33","Z18",1,0.762752347005607,0
"Z33","Z19",1,0.752170586916642,0
"Z33","Z20",1,0.754260918316187,0
"Z33","Z21",1,0.748139907630428,0
"Z33","Z22",1,0.767913594269627,0
"Z33","Z23",1,0.744270676591105,0
"Z33","Z24",1,0.725373221091347,0
"Z33","Z26",1,0.716713087998556,0
"Z33","Z27",1,0.759291503331202,0
"Z33","Z28",1,0.786133333451971,0
"Z33","Z29",1,0.815332286899691,0
"Z33","Z30",1,0.892183758764262,0
"Z33","Z31",1,0.924655504205562,0
"Z33","Z32",1,0.964237438158864,0
"Z33","Z35",1,0.776641905048495,0
"Z33","Z38",1,0.430048541350545,0
"Z33","Z39",1,0.437756670451166,0
"Z33","Z40",1,0.467285916373139,0
"Z33","Z41",1,0.740867684632802,0
"Z33","Z42",1,0.736249491544679,0
"Z33","Z43",1,0.661363372002102,0
"Z33","Z44",1,0.843086937949476,0
"Z33","Z45",1,0.802405353648507,0
"Z35","Z02",1,0.749660095955497,0
"Z35","Z03",1,0.838045471502037,0
"Z35","Z05",1,0.697872454111411,0
"Z35","Z06",1,0.731664935011687,0
"Z35","Z07",1,0.747463955080254,0
"Z35","Z08",1,0.795977173217995,0
"Z35","Z10",1,0.851930667640599,0
"Z35","Z11",1,0.883232957190502,0
"Z35","Z13",1,0.907760536380025,0
"Z35","Z14",1,0.870419701262448,0
"Z35","Z15",1,0.856239279127868,0
"Z35","Z16",1,0.829959686331547,0
"Z35","Z17",1,0.828040681977426,0
"Z35","Z18",1,0.931968801961235,0
"Z35","Z19",1,0.941208029831861,0
"Z35","Z20",1,0.95658341734366,0
"Z35","Z21",1,0.958555771047995,0
"Z35","Z22",1,0.994484663258072,0
"Z35","Z23",1,0.976147713384373,0
"Z35","Z24",1,0.956784651295689,0
"Z35","Z26",1,0.928377424135439,0
"Z35","Z27",1,0.865326314937525,0
"Z35","Z28",1,0.873115063306229,0
"Z35","Z29",1,0.876546059216311,0
"Z35","Z30",1,0.866765287913683,0
"Z35","Z31",1,0.84740897415462,0
"Z35","Z32",1,0.814723253020844,0
"Z35","Z33",1,0.776641905048495,0
"Z35","Z38",1,0.661709376829282,0
"Z35","Z39",1,0.669769116223036,0
"Z35","Z40",1,0.697983069357637,0
"Z35","Z41",1,0.715957125349387,0
"Z35","Z42",1,0.584586656916265,0
"Z35","Z43",1,0.478336398705277,0
"Z35","Z44",1,0.613626488216321,0
"Z35","Z45",1,0.575144315824337,0
"Z38","Z02",1,0.81894831749506,0
"Z38","Z03",1,0.821771650849876,0
"Z38","Z05",1,0.771066801523587,0
"Z38","Z06",1,0.768990964142735,0
"Z38","Z07",1,0.749174221883357,0
"Z38","Z08",1,0.782742442593639,0
"Z38","Z10",1,0.683405776558697,0
"Z38","Z11",1,0.687931301377493,0
"Z38","Z13",1,0.633447977559654,0
"Z38","Z14",1,0.653222451189089,0
"Z38","Z15",1,0.63189435474634,0
"Z38","Z16",1,0.600325033267356,0
"Z38","Z17",1,0.573096734137414,0
"Z38","Z18",1,0.660315029556322,0
"Z38","Z19",1,0.676025191634296,0
"Z38","Z20",1,0.679303785197617,0
"Z38","Z21",1,0.686878596225699,0
"Z38","Z22",1,0.669129710822246,0
"Z38","Z23",1,0.693707427020774,0
"Z38","Z24",1,0.711841115422913,0
"Z38","Z26",1,0.704464354934747,0
"Z38","Z27",1,0.601165173459437,0
"Z38","Z28",1,0.585790284446882,0
"Z38","Z29",1,0.568392754606464,0
"Z38","Z30",1,0.525563051425912,0
"Z38","Z31",1,0.501931479787092,0
"Z38","Z32",1,0.467861793703574,0
"Z38","Z33",1,0.430048541350545,0
"Z38","Z35",1,0.661709376829282,0
"Z38","Z39",1,0.982400024662639,0
"Z38","Z40",1,0.930307356480658,1
"Z38","Z41",1,0.465837660835708,0
"Z38","Z42",1,0.283536972050326,0
"Z38","Z43",1,0.166834899787099,0
"Z38","Z44",1,0.269250489986566,0
"Z38","Z45",1,0.23244628793215,0
"Z39","Z02",1,0.80554707599168,0
"Z39","Z03",1,0.822964910758498,0
"Z39","Z05",1,0.753097402396768,0
"Z39","Z06",1,0.753879476680974,0
"Z39","Z07",1,0.735680480467643,0
"Z39","Z08",1,0.773955021125913,0
"Z39","Z10",1,0.679281006584752,0
"Z39","Z11",1,0.686295599329895,0
"Z39","Z13",1,0.63460298882544,0
"Z39","Z14",1,0.651020175218619,0
"Z39","Z15",1,0.629200787944122,0
"Z39","Z16",1,0.596838278034318,0
"Z39","Z17",1,0.570752563824388,0
"Z39","Z18",1,0.66266545399252,0
"Z39","Z19",1,0.679028033650403,0
"Z39","Z20",1,0.68358195461218,0
"Z39","Z21",1,0.691532669077234,0
"Z39","Z22",1,0.678053724227168,0
"Z39","Z23",1,0.702111077104845,0
"Z39","Z24",1,0.720790430493551,0
"Z39","Z26",1,0.717507655264045,0
"Z39","Z27",1,0.61746878503407,0
"Z39","Z28",1,0.600978759430092,0
"Z39","Z29",1,0.582398113196326,0
"Z39","Z30",1,0.536291459268767,0
"Z39","Z31",1,0.511567602521984,0
"Z39","Z32",1,0.47657808810386,0
"Z39","Z33",1,0.437756670451166,0
"Z39","Z35",1,0.669769116223036,0
"Z39","Z38",1,0.982400024662639,0
"Z39","Z40",1,0.955477347939061,1
"Z39","Z41",1,0.461083860672087,0
"Z39","Z42",1,0.282100227766743,0
"Z39","Z43",1,0.166259656889714,0
"Z39","Z44",1,0.275545883925454,0
"Z39","Z45",1,0.238047231480031,0
"Z40","Z02",1,0.786793434148752,0
"Z40","Z03",1,0.832675286981356,0
"Z40","Z05",1,0.726315035695041,0
"Z40","Z06",1,0.73323810465176,0
"Z40","Z07",1,0.718909654517635,0
"Z40","Z08",1,0.765806581733078,0
"Z40","Z10",1,0.683202781086296,0
"Z40","Z11",1,0.69512783666627,0
"Z40","Z13",1,0.64991265887888,0
"Z40","Z14",1,0.659353451628845,0
"Z40","Z15",1,0.636879340922691,0
"Z40","Z16",1,0.603344693487717,0
"Z40","Z17",1,0.579876474668279,0
"Z40","Z18",1,0.679903251080853,0
"Z40","Z19",1,0.69726848558447,0
"Z40","Z20",1,0.704250247833077,0
"Z40","Z21",1,0.712790297047793,0
"Z40","Z22",1,0.707785626408219,0
"Z40","Z23",1,0.730456025078207,0
"Z40","Z24",1,0.749828999141047,0
"Z40","Z26",1,0.754332510315076,0
"Z40","Z27",1,0.660892344568863,0
"Z40","Z28",1,0.642673295050509,0
"Z40","Z29",1,0.622221412713566,0
"Z40","Z30",1,0.570707453313962,0
"Z40","Z31",1,0.544183641598949,0
"Z40","Z32",1,0.50773601155706,0
"Z40","Z33",1,0.467285916373139,0
"Z40","Z35",1,0.697983069357637,0
"Z40","Z38",1,0.930307356480658,0
"Z40","Z39",1,0.955477347939061,0
"Z40","Z41",1,0.466273392569216,0
"Z40","Z42",1,0.294917264006141,0
"Z40","Z43",1,0.181158360141305,0
"Z40","Z44",1,0.303131710343917,0
"Z40","Z45",1,0.264473142179999,0
"Z41","Z02",1,0.641140294933615,0
"Z41","Z03",1,0.64223233712241,0
"Z41","Z05",1,0.645327445789922,0
"Z41","Z06",1,0.671676095089233,0
"Z41","Z07",1,0.698373873593139,0
"Z41","Z08",1,0.688565872693844,0
"Z41","Z10",1,0.790427935087043,0
"Z41","Z11",1,0.779354042934032,0
"Z41","Z13",1,0.809880321861381,0
"Z41","Z14",1,0.815024835933216,0
"Z41","Z15",1,0.83766828420672,1
"Z41","Z16",1,0.871522396225655,0
"Z41","Z17",1,0.891113929441491,0
"Z41","Z18",1,0.778136411977022,0
"Z41","Z19",1,0.760375841549517,0
"Z41","Z20",1,0.746595620290626,0
"Z41","Z21",1,0.7377809612211,0
"Z41","Z22",1,0.701879942972666,0
"Z41","Z23",1,0.695944353126304,0
"Z41","Z24",1,0.680452310454079,0
"Z41","Z26",1,0.63708674921184,0
"Z41","Z27",1,0.596330580244022,0
"Z41","Z28",1,0.616374297036266,0
"Z41","Z29",1,0.637709924759497,0
"Z41","Z30",1,0.698124618780271,0
"Z41","Z31",1,0.717360183298423,0
"Z41","Z32",1,0.730207394971944,0
"Z41","Z33",1,0.740867684632802,0
"Z41","Z35",1,0.715957125349387,0
"Z41","Z38",1,0.465837660835708,0
"Z41","Z39",1,0.461083860672087,0
"Z41","Z40",1,0.466273392569216,0
"Z41","Z42",1,0.811039897797982,0
"Z41","Z43",1,0.692519351907627,0
"Z41","Z44",1,0.68051136862659,0
"Z41","Z45",1,0.665567660383219,0
"Z42","Z02",1,0.449255788652006,0
"Z42","Z03",1,0.467506229375485,0
"Z42","Z05",1,0.448475097895509,0
"Z42","Z06",1,0.475934418589,0
"Z42","Z07",1,0.502713746990588,0
"Z42","Z08",1,0.49932245623949,0
"Z42","Z10",1,0.60684073627347,0
"Z42","Z11",1,0.604194235843123,0
"Z42","Z13",1,0.653585241573739,0
"Z42","Z14",1,0.638930333761409,0
"Z42","Z15",1,0.659908619532875,0
"Z42","Z16",1,0.689915988182285,0
"Z42","Z17",1,0.718812933373386,0
"Z42","Z18",1,0.622993337259619,0
"Z42","Z19",1,0.605189684994514,0
"Z42","Z20",1,0.595978341723593,0
"Z42","Z21",1,0.586993733322383,0
"Z42","Z22",1,0.571049885714674,0
"Z42","Z23",1,0.556217716120863,0
"Z42","Z24",1,0.537494126225386,0
"Z42","Z26",1,0.50580342474104,0
"Z42","Z27",1,0.506317781261898,0
"Z42","Z28",1,0.531759614763846,0
"Z42","Z29",1,0.559481185668801,0
"Z42","Z30",1,0.636385963216784,0
"Z42","Z31",1,0.66709230970878,0
"Z42","Z32",1,0.699941986285203,0
"Z42","Z33",1,0.736249491544679,0
"Z42","Z35",1,0.584586656916265,0
"Z42","Z38",1,0.283536972050326,0
"Z42","Z39",1,0.282100227766743,0
"Z42","Z40",1,0.294917264006141,0
"Z42","Z41",1,0.811039897797982,0
"Z42","Z43",1,0.889566693412507,0
"Z42","Z44",1,0.792162802755782,0
"Z42","Z45",1,0.801627481720024,0
"Z43","Z02",1,0.330416355752656,0
"Z43","Z03",1,0.351931014301234,0
"Z43","Z05",1,0.329524506430544,0
"Z43","Z06",1,0.35685634824258,0
"Z43","Z07",1,0.383634754011646,0
"Z43","Z08",1,0.380778047857676,0
"Z43","Z10",1,0.488791464648534,0
"Z43","Z11",1,0.487498245181179,0
"Z43","Z13",1,0.539585768670261,0
"Z43","Z14",1,0.521752771529795,0
"Z43","Z15",1,0.542293005009627,0
"Z43","Z16",1,0.571597995923466,0
"Z43","Z17",1,0.601122688135135,0
"Z43","Z18",1,0.509909238064906,0
"Z43","Z19",1,0.492466105065207,0
"Z43","Z20",1,0.484493399934218,0
"Z43","Z21",1,0.475661526589599,0
"Z43","Z22",1,0.46535848846082,0
"Z43","Z23",1,0.448435669286265,0
"Z43","Z24",1,0.429241962061397,0
"Z43","Z26",1,0.401700059355263,0
"Z43","Z27",1,0.416382212117971,0
"Z43","Z28",1,0.442813376486486,0
"Z43","Z29",1,0.471633981077394,0
"Z43","Z30",1,0.549912078930362,0
"Z43","Z31",1,0.582319626804581,0
"Z43","Z32",1,0.619439742676313,0
"Z43","Z33",1,0.661363372002102,0
"Z43","Z35",1,0.478336398705277,0
"Z43","Z38",1,0.166834899787099,0
"Z43","Z39",1,0.166259656889714,0
"Z43","Z40",1,0.181158360141305,0
"Z43","Z41",1,0.692519351907627,0
"Z43","Z42",1,0.889566693412507,0
"Z43","Z44",1,0.775874606451872,0
"Z43","Z45",1,0.805921568518571,0
"Z44","Z02",1,0.396369669259797,0
"Z44","Z03",1,0.453564872003928,0
"Z44","Z05",1,0.371773283710894,0
"Z44","Z06",1,0.404829151260999,0
"Z44","Z07",1,0.429906064680676,0
"Z44","Z08",1,0.449795455855522,0
"Z44","Z10",1,0.555467073084129,0
"Z44","Z11",1,0.568326231612067,0
"Z44","Z13",1,0.632295362144281,0
"Z44","Z14",1,0.593982305274336,0
"Z44","Z15",1,0.607232877185078,0
"Z44","Z16",1,0.623308240131163,0
"Z44","Z17",1,0.655404746808317,0
"Z44","Z18",1,0.611887682459609,0
"Z44","Z19",1,0.598532822081281,0
"Z44","Z20",1,0.597662302467828,0
"Z44","Z21",1,0.590550304674315,0
"Z44","Z22",1,0.60398286498538,0
"Z44","Z23",1,0.581119693998929,0
"Z44","Z24",1,0.561878161097591,0
"Z44","Z26",1,0.551176896346628,0
"Z44","Z27",1,0.60053109269956,0
"Z44","Z28",1,0.627192196054713,0
"Z44","Z29",1,0.656038849558782,0
"Z44","Z30",1,0.729223428910202,0
"Z44","Z31",1,0.760589865720247,0
"Z44","Z32",1,0.799842946837041,0
"Z44","Z33",1,0.843086937949476,0
"Z44","Z35",1,0.613626488216321,0
"Z44","Z38",1,0.269250489986566,0
"Z44","Z39",1,0.275545883925454,0
"Z44","Z40",1,0.303131710343917,0
"Z44","Z41",1,0.68051136862659,0
"Z44","Z42",1,0.792162802755782,0
"Z44","Z43",1,0.775874606451872,0
"Z44","Z45",1,0.966221430360415,0
"Z45","Z02",1,0.364527359955018,0
"Z45","Z03",1,0.417684917253102,0
"Z45","Z05",1,0.342963832126788,0
"Z45","Z06",1,0.375474725250629,0
"Z45","Z07",1,0.400997933961055,0
"Z45","Z08",1,0.417948772775432,0
"Z45","Z10",1,0.525023131632133,0
"Z45","Z11",1,0.536081361029377,0
"Z45","Z13",1,0.599305994510199,0
"Z45","Z14",1,0.563285861161232,0
"Z45","Z15",1,0.577804540846623,0
"Z45","Z16",1,0.596169374787093,0
"Z45","Z17",1,0.628571836112563,0
"Z45","Z18",1,0.577366210299488,0
"Z45","Z19",1,0.563327118046112,0
"Z45","Z20",1,0.56156651597392,0
"Z45","Z21",1,0.554175658451019,0
"Z45","Z22",1,0.565077426612966,0
"Z45","Z23",1,0.542663307385173,0
"Z45","Z24",1,0.523294736647402,0
"Z45","Z26",1,0.510949997378783,0
"Z45","Z27",1,0.558288849795139,0
"Z45","Z28",1,0.584981116296448,0
"Z45","Z29",1,0.613879270342039,0
"Z45","Z30",1,0.687591209858195,0
"Z45","Z31",1,0.719238327960691,0
"Z45","Z32",1,0.758673984226893,0
"Z45","Z33",1,0.802405353648507,0
"Z45","Z35",1,0.575144315824337,0
"Z45","Z38",1,0.23244628793215,0
"Z45","Z39",1,0.238047231480031,0
"Z45","Z40",1,0.264473142179999,0
"Z45","Z41",1,0.665567660383219,0
"Z45","Z42",1,0.801627481720024,0
"Z45","Z43",1,0.805921568518571,0
"Z45","Z44",1,0.966221430360415,0
"X18","X20",1,0.971031483778442,0
"X18","X21",1,0.915637139271569,0
"X18","X22",1,0.884232702548592,0
"X18","X23",1,0.862297922288488,0
"X18","X25",1,0.856459552379525,0
"X18","X31",1,0.737811208370295,0
"X18","X32",1,0.742716174435496,0
"X18","X33",1,0.721632389602387,0
"X18","X35",1,0.69067811798811,0
"X18","X39",1,0.659833626778789,0
"X20","X18",1,0.971031483778442,0
"X20","X21",1,0.946485217657275,0
"X20","X22",1,0.921070521398805,0
"X20","X23",1,0.892881249752242,0
"X20","X25",1,0.891366924491539,0
"X20","X31",1,0.759035655846441,0
"X20","X32",1,0.766874052588877,0
"X20","X33",1,0.741209593156909,0
"X20","X35",1,0.719511539462548,0
"X20","X39",1,0.686949238573959,0
"X21","X18",1,0.915637139271569,0
"X21","X20",1,0.946485217657275,0
"X21","X22",1,0.962906446516164,1
"X21","X23",1,0.954848006563679,0
"X21","X25",1,0.94689794033953,0
"X21","X31",1,0.818304756179474,0
"X21","X32",1,0.827897769665499,0
"X21","X33",1,0.799390185933484,0
"X21","X35",1,0.781651002430902,0
"X21","X39",1,0.749057600586687,0
"X22","X18",1,0.884232702548592,0
"X22","X20",1,0.921070521398805,0
"X22","X21",1,0.962906446516164,0
"X22","X23",1,0.954242794240733,0
"X22","X25",1,0.973064606402707,0
"X22","X31",1,0.810817732515714,0
"X22","X32",1,0.825918950915293,0
"X22","X33",1,0.789882832752398,0
"X22","X35",1,0.792600330564678,0
"X22","X39",1,0.756750675661042,0
"X23","X18",1,0.862297922288488,0
"X23","X20",1,0.892881249752242,0
"X23","X21",1,0.954848006563679,0
"X23","X22",1,0.954242794240733,0
"X23","X25",1,0.976943403451583,1
"X23","X31",1,0.864169164852299,0
"X23","X32",1,0.877359909662529,0
"X23","X33",1,0.843632295182123,0
"X23","X35",1,0.835211753726534,0
"X23","X39",1,0.801912425088773,0
"X25","X18",1,0.856459552379525,0
"X25","X20",1,0.891366924491539,0
"X25","X21",1,0.94689794033953,0
"X25","X22",1,0.973064606402707,0
"X25","X23",1,0.976943403451583,0
"X25","X31",1,0.842682297158743,0
"X25","X32",1,0.859430519202844,0
"X25","X33",1,0.821236053020492,0
"X25","X35",1,0.828190284213054,0
"X25","X39",1,0.792266130094523,0
"X31","X18",1,0.737811208370295,0
"X31","X20",1,0.759035655846441,0
"X31","X21",1,0.818304756179474,0
"X31","X22",1,0.810817732515714,0
"X31","X23",1,0.864169164852299,0
"X31","X25",1,0.842682297158743,0
"X31","X32",1,0.982739865180965,0
"X31","X33",1,0.986614693977813,0
"X31","X35",1,0.920592395047149,0
"X31","X39",1,0.912184275987178,0
"X32","X18",1,0.742716174435496,0
"X32","X20",1,0.766874052588877,0
"X32","X21",1,0.827897769665499,0
"X32","X22",1,0.825918950915293,0
"X32","X23",1,0.877359909662529,0
"X32","X25",1,0.859430519202844,0
"X32","X31",1,0.982739865180965,0
"X32","X33",1,0.962551408171051,0
"X32","X35",1,0.939015326239783,0
"X32","X39",1,0.921340368119144,0
"X33","X18",1,0.721632389602387,0
"X33","X20",1,0.741209593156909,0
"X33","X21",1,0.799390185933484,0
"X33","X22",1,0.789882832752398,0
"X33","X23",1,0.843632295182123,0
"X33","X25",1,0.821236053020492,0
"X33","X31",1,0.986614693977813,0
"X33","X32",1,0.962551408171051,0
"X33","X35",1,0.91098478803423,0
"X33","X39",1,0.911194859001395,0
"X35","X18",1,0.69067811798811,0
"X35","X20",1,0.719511539462548,0
"X35","X21",1,0.781651002430902,0
"X35","X22",1,0.792600330564678,0
"X35","X23",1,0.835211753726534,0
"X35","X25",1,0.828190284213054,0
"X35","X31",1,0.920592395047149,0
"X35","X32",1,0.939015326239783,1
"X35","X33",1,0.91098478803423,0
"X35","X39",1,0.970171680544777,1
"X39","X18",1,0.659833626778789,0
"X39","X20",1,0.686949238573959,0
"X39","X21",1,0.749057600586687,0
"X39","X22",1,0.756750675661042,0
"X39","X23",1,0.801912425088773,0
"X39","X25",1,0.792266130094523,0
"X39","X31",1,0.912184275987178,0
"X39","X32",1,0.921340368119144,0
"X39","X33",1,0.911194859001395,0
"X39","X35",1,0.970171680544777,0
