"Nestbox","Diversity","Diversity_max","Site","Anthropogenic_binary","Year"
"X18",8,11,"X",1,"2024"
"X20",4,11,"X",0,"2024"
"X21",6,11,"X",0,"2024"
"X22",6,11,"X",1,"2024"
"X23",3,11,"X",0,"2024"
"X25",6,11,"X",1,"2024"
"X27",7,11,"X",1,"2024"
"X31",10,11,"X",1,"2024"
"X32",6,11,"X",0,"2024"
"X33",5,11,"X",0,"2024"
"X35",6,11,"X",1,"2024"
"X36",5,11,"X",0,"2024"
"X38",6,11,"X",1,"2024"
"X39",7,11,"X",1,"2024"
"Y01",5,11,"Y",1,"2024"
"Y02",9,11,"Y",1,"2024"
"Y03",6,11,"Y",1,"2024"
"Y04",NA,11,"Y",1,"2024"
"Y05",5,11,"Y",1,"2024"
"Y06",9,11,"Y",1,"2024"
"Y07",8,11,"Y",1,"2024"
"Y08",10,11,"Y",1,"2024"
"Y09",9,11,"Y",1,"2024"
"Y10",9,11,"Y",1,"2024"
"Y11",8,11,"Y",1,"2024"
"Y12",7,11,"Y",1,"2024"
"Y14",9,11,"Y",1,"2024"
"Y16",4,11,"Y",0,"2024"
"Y17",7,11,"Y",1,"2024"
"Y18",8,11,"Y",1,"2024"
"Y19",6,11,"Y",1,"2024"
"Y20",7,11,"Y",1,"2024"
"Y21",8,11,"Y",1,"2024"
"Y22",4,11,"Y",0,"2024"
"Y23",8,11,"Y",1,"2024"
"Y24",4,11,"Y",0,"2024"
"Y25",6,11,"Y",0,"2024"
"Y26",7,11,"Y",1,"2024"
"Y27",6,11,"Y",0,"2024"
"Y28",7,11,"Y",1,"2024"
"Y29",7,11,"Y",1,"2024"
"Y30",5,11,"Y",0,"2024"
"Y31",5,11,"Y",1,"2024"
"Y32",5,11,"Y",0,"2024"
"Y33",4,11,"Y",0,"2024"
"Y34",6,11,"Y",1,"2024"
"Y35",6,11,"Y",0,"2024"
"Z02",8,11,"Z",1,"2024"
"Z03",6,11,"Z",1,"2024"
"Z05",8,11,"Z",1,"2024"
"Z06",7,11,"Z",1,"2024"
"Z07",6,11,"Z",1,"2024"
"Z08",8,11,"Z",1,"2024"
"Z10",6,11,"Z",1,"2024"
"Z11",7,11,"Z",1,"2024"
"Z13",5,11,"Z",1,"2024"
"Z14",7,11,"Z",1,"2024"
"Z15",7,11,"Z",1,"2024"
"Z16",5,11,"Z",1,"2024"
"Z17",7,11,"Z",1,"2024"
"Z18",4,11,"Z",1,"2024"
"Z19",5,11,"Z",1,"2024"
"Z20",6,11,"Z",1,"2024"
"Z21",6,11,"Z",1,"2024"
"Z22",7,11,"Z",1,"2024"
"Z23",8,11,"Z",1,"2024"
"Z24",5,11,"Z",1,"2024"
"Z25",2,11,"Z",0,"2024"
"Z26",7,11,"Z",1,"2024"
"Z27",5,11,"Z",1,"2024"
"Z28",5,11,"Z",1,"2024"
"Z29",7,11,"Z",1,"2024"
"Z30",5,11,"Z",1,"2024"
"Z31",5,11,"Z",1,"2024"
"Z32",4,11,"Z",1,"2024"
"Z33",6,11,"Z",1,"2024"
"Z35",6,11,"Z",1,"2024"
"Z38",5,11,"Z",1,"2024"
"Z39",8,11,"Z",1,"2024"
"Z40",4,11,"Z",0,"2024"
"Z41",6,11,"Z",1,"2024"
"Z42",6,11,"Z",1,"2024"
"Z43",6,11,"Z",1,"2024"
"Z44",5,11,"Z",1,"2024"
"Z45",3,11,"Z",1,"2024"
"Z46",4,11,"Z",1,"2024"
"X18",7,11,"X",1,"2026"
"X20",11,11,"X",1,"2026"
"X21",9,11,"X",1,"2026"
"X22",10,11,"X",1,"2026"
"X23",11,11,"X",1,"2026"
"X25",11,11,"X",1,"2026"
"X27",10,11,"X",1,"2026"
"X31",10,11,"X",1,"2026"
"X32",11,11,"X",1,"2026"
"X33",9,11,"X",1,"2026"
"X35",9,11,"X",1,"2026"
"X36",9,11,"X",1,"2026"
"X38",8,11,"X",1,"2026"
"X39",10,11,"X",1,"2026"
"Y01",10,11,"Y",1,"2026"
"Y02",8,11,"Y",1,"2026"
"Y03",10,11,"Y",1,"2026"
"Y04",8,11,"Y",1,"2026"
"Y05",9,11,"Y",1,"2026"
"Y06",11,11,"Y",1,"2026"
"Y07",10,11,"Y",1,"2026"
"Y08",10,11,"Y",1,"2026"
"Y09",10,11,"Y",1,"2026"
"Y10",7,11,"Y",1,"2026"
"Y11",8,11,"Y",1,"2026"
"Y12",10,11,"Y",1,"2026"
"Y14",9,11,"Y",1,"2026"
"Y16",8,11,"Y",1,"2026"
"Y17",8,11,"Y",1,"2026"
"Y18",10,11,"Y",1,"2026"
"Y19",10,11,"Y",1,"2026"
"Y20",7,11,"Y",0,"2026"
"Y21",9,11,"Y",1,"2026"
"Y22",10,11,"Y",1,"2026"
"Y23",9,11,"Y",1,"2026"
"Y24",8,11,"Y",1,"2026"
"Y25",7,11,"Y",1,"2026"
"Y26",8,11,"Y",1,"2026"
"Y27",9,11,"Y",1,"2026"
"Y28",6,11,"Y",0,"2026"
"Y29",7,11,"Y",1,"2026"
"Y30",6,11,"Y",1,"2026"
"Y31",8,11,"Y",1,"2026"
"Y32",9,11,"Y",1,"2026"
"Y33",9,11,"Y",1,"2026"
"Y34",7,11,"Y",0,"2026"
"Y35",8,11,"Y",1,"2026"
"Z02",8,11,"Z",1,"2026"
"Z07",7,11,"Z",1,"2026"
"Z10",10,11,"Z",1,"2026"
"Z11",9,11,"Z",1,"2026"
"Z16",10,11,"Z",1,"2026"
"Z20",9,11,"Z",1,"2026"
"Z21",9,11,"Z",1,"2026"
"Z22",9,11,"Z",1,"2026"
"Z27",7,11,"Z",1,"2026"
"Z28",7,11,"Z",1,"2026"
"Z29",9,11,"Z",1,"2026"
"Z31",8,11,"Z",1,"2026"
"Z32",7,11,"Z",1,"2026"
"Z33",9,11,"Z",1,"2026"
"Z39",10,11,"Z",1,"2026"
"Z42",9,11,"Z",1,"2026"
"Z43",9,11,"Z",1,"2026"
"Z45",9,11,"Z",1,"2026"
